Job ID,Location ID,Title,Final URL,Image URL,Subtitle,Description,Salary,Category,Contextual keywords,Address,Similar Job IDs
a02de2e7e9,Amsterdam,VS HoPE Haarlem,https://werkenbij.ggzingeest.nl/vacatures/verpleegkundig-specialist-hope-haarlem-2/?utm_source=google&utm_medium=cpc&utm_campaign=job_feed,https://images.unsplash.com/photo-1714976694810-85add1a29c96?q=80&w=1200&h=628&auto=format&fit=crop,Specialist,Bekijk deze vacature,€5645-€6918,Specialist,Werken bij GGZ;Zorgprofessional;Werken bij GGZ Amsterdam;Behandelaar;Werken bij GGZ inGeest;Werken in de GGZ;Vacatures Amsterdam;GGZ inGeest Amsterdam vacatures;Verpleegkundig;GGZ inGeest vacatures;Expertise;HoPE;GGZ vacatures;Vacatures GGZ inGeest;GGZ vacatures Amsterdam;Haarlem;Specialist;Vacatures inGeest;Amsterdam;Specialisme,"Amsterdam, NL",39b3e7e848;6efd48beee;529a0233d2;772bd2c0bc;66efc58783;f10ed7f088;f28ddeb7e4;796ae11221;54ed07e1a9;38e54daab6
c26fb34467,Amsterdam,Teamleider Voordeur,https://werkenbij.ggzingeest.nl/vacatures/teamleider-voordeur-amstelveen/?utm_source=google&utm_medium=cpc&utm_campaign=job_feed,https://plus.unsplash.com/premium_photo-1731540602286-05ebb2078c83?q=80&w=1200&h=628&auto=format&fit=crop,Zorg,Bekijk deze vacature,€4000-€5294,Zorg,Werken bij GGZ;Werken bij GGZ Amsterdam;Jeugdpsychiatrie;Werken bij GGZ inGeest;Teamleider;Werken in de GGZ;Gezondheidszorg;Vacatures Amsterdam;GGZ inGeest Amsterdam vacatures;Welzijn;GGZ inGeest vacatures;Jeugd GGZ;Amstelveen;Hulpverlening;GGZ vacatures;Vacatures GGZ inGeest;Voordeur;GGZ vacatures Amsterdam;Vacatures inGeest;Amsterdam,"Amsterdam, NL",49532e2f08;f3f420cac2;6e4fab058e;f8316a04dc;b413af696b;c951ed80b6;3d81843324;e70af7affc;c9d3d700fc;3a11987bde
49532e2f08,Amsterdam,Solution Architect,https://werkenbij.ggzingeest.nl/vacatures/solution-architect-amsterdam/?utm_source=google&utm_medium=cpc&utm_campaign=job_feed,https://plus.unsplash.com/premium_photo-1731540602286-05ebb2078c83?q=80&w=1200&h=628&auto=format&fit=crop,Zorg,Bekijk deze vacature,€5294-€6918,Zorg,Werken bij GGZ;Werken bij GGZ Amsterdam;Jeugdpsychiatrie;Werken bij GGZ inGeest;Werken in de GGZ;Gezondheidszorg;Vacatures Amsterdam;GGZ inGeest Amsterdam vacatures;Welzijn;GGZ inGeest vacatures;Solution;Architect;Jeugd GGZ;Hulpverlening;GGZ vacatures;Vacatures GGZ inGeest;GGZ vacatures Amsterdam;Vacatures inGeest;Amsterdam,"Amsterdam, NL",c26fb34467;f3f420cac2;6e4fab058e;f8316a04dc;b413af696b;c951ed80b6;3d81843324;e70af7affc;c9d3d700fc;3a11987bde
270ae9a3eb,Amsterdam,Familie-Ervaringsdeskundi,https://werkenbij.ggzingeest.nl/vacatures/familie-ervaringsdeskundige-fed-amsterdam-haarlem/?utm_source=google&utm_medium=cpc&utm_campaign=job_feed,https://images.unsplash.com/photo-1582213782179-e0d53f98f2ca?auto=format&fit=crop&crop=faces&w=1200&h=628&q=80,Ervaringsdeskundige,Bekijk deze vacature,€3180-€4273,Ervaringsdeskundige,Werken bij GGZ;Werken bij GGZ Amsterdam;Werken bij GGZ inGeest;Werken in de GGZ;Vacatures Amsterdam;GGZ inGeest Amsterdam vacatures;GGZ inGeest vacatures;Familie-Ervaringsdeskundige;(FED);Herstel;GGZ vacatures;Vacatures GGZ inGeest;GGZ ervaringsdeskundige;Ervaringsdeskundigheid;Ondersteuning;GGZ vacatures Amsterdam;Haarlem;Vacatures inGeest;Amsterdam,"Amsterdam, NL",6bead71c7a;1d7e8c1209
f3f420cac2,Amsterdam,Risk en Audit Manager,https://werkenbij.ggzingeest.nl/vacatures/risk-audit-manager-business-controller-amsterdam/?utm_source=google&utm_medium=cpc&utm_campaign=job_feed,https://plus.unsplash.com/premium_photo-1731540602286-05ebb2078c83?q=80&w=1200&h=628&auto=format&fit=crop,Zorg,Bekijk deze vacature,€5294-€6918,Zorg,Werken bij GGZ;Werken bij GGZ Amsterdam;Jeugdpsychiatrie;Werken bij GGZ inGeest;Werken in de GGZ;Business;Gezondheidszorg;Vacatures Amsterdam;GGZ inGeest Amsterdam vacatures;Welzijn;GGZ inGeest vacatures;Jeugd GGZ;Hulpverlening;Risk;GGZ vacatures;Audit;Vacatures GGZ inGeest;controller;Manager;GGZ vacatures Amsterdam;Vacatures inGeest;Amsterdam,"Amsterdam, NL",c26fb34467;49532e2f08;6e4fab058e;f8316a04dc;b413af696b;c951ed80b6;3d81843324;e70af7affc;c9d3d700fc;3a11987bde
d1b185c01d,Amsterdam,Opleidingsplaats,https://werkenbij.ggzingeest.nl/vacatures/opleidingsplaats-verpleegkundige-niveau-6-duaal-verkort/?utm_source=google&utm_medium=cpc&utm_campaign=job_feed,https://images.unsplash.com/photo-1631217868264-e5b90bb7e133?q=80&w=1200&h=628&auto=format&fit=crop,Verpleegkundige,Bekijk deze vacature,,Verpleegkundige,Werken bij GGZ;Werken bij GGZ Amsterdam;Werken bij GGZ inGeest;HBO verpleegkundige;BIG;Werken in de GGZ;Leerling verpleegkundige;Vacatures Amsterdam;GGZ inGeest Amsterdam vacatures;verkort;GGZ inGeest vacatures;verpleegkundige;Verpleging;Vacatures inGeest;GGZ vacatures;Vacatures GGZ inGeest;Ziekenhuis;duaal;niveau;GGZ vacatures Amsterdam;Opleidingsplaats;Ambulant verpleegkundige;GGZ verpleegkundige;Amsterdam;Zorg,"Amsterdam, NL",215545cf9a;925a7c396a;e806f18930;d256b4b5fa;bf408333f6;433175e3de;a467e94ddd;ff5f5a85ec;59473f96a8;abdaf86524
215545cf9a,Amsterdam,Vpl. Klinieken Amstelveen,https://werkenbij.ggzingeest.nl/vacatures/verpleegkundige-klinieken-amstelveen/?utm_source=google&utm_medium=cpc&utm_campaign=job_feed,https://images.unsplash.com/photo-1631217868264-e5b90bb7e133?q=80&w=1200&h=628&auto=format&fit=crop,Verpleegkundige,Bekijk deze vacature,€2888-€4273,Verpleegkundige,Werken bij GGZ;Werken bij GGZ Amsterdam;Werken bij GGZ inGeest;HBO verpleegkundige;BIG;Werken in de GGZ;Leerling verpleegkundige;Vacatures Amsterdam;GGZ inGeest Amsterdam vacatures;GGZ inGeest vacatures;Amstelveen;Verpleging;Vacatures inGeest;Klinieken;GGZ vacatures;Vacatures GGZ inGeest;Verpleegkundige;Ziekenhuis;GGZ vacatures Amsterdam;Ambulant verpleegkundige;GGZ verpleegkundige;Amsterdam;Zorg,"Amsterdam, NL",d1b185c01d;925a7c396a;e806f18930;d256b4b5fa;bf408333f6;433175e3de;a467e94ddd;ff5f5a85ec;59473f96a8;abdaf86524
acbc5d8d44,Amsterdam,Basisarts Crisisdienst,https://werkenbij.ggzingeest.nl/vacatures/basisarts-crisisdienstiht-haarlem/?utm_source=google&utm_medium=cpc&utm_campaign=job_feed,https://images.unsplash.com/photo-1631217871099-88310a909a32?q=80&w=1200&h=628&auto=format&fit=crop,Arts,Bekijk deze vacature,€5294-€6918,Arts,Werken bij GGZ;Werken bij GGZ Amsterdam;Werken bij GGZ inGeest;Werken in de GGZ;Vacatures Amsterdam;GGZ inGeest Amsterdam vacatures;GGZ inGeest vacatures;Geneeskunde;Crisisdienst IHT;GGZ vacatures;Vacatures GGZ inGeest;ANIOS psychiatrie;GGZ vacatures Amsterdam;Opleidingsplaats;Specialist;Haarlem;Basisarts;Vacatures inGeest;Amsterdam;Medisch;Zorg,"Amsterdam, NL",2297acb2f8;476a48333d;02cb14a94d;d4299f1420;48d195df1d;334b3b0237;5993182648;a1332e5c8b;db0245e01c
e4e9e84b09,Amsterdam,Gz-psycholoog FACT,https://werkenbij.ggzingeest.nl/vacatures/gz-psycholoog-fact-amstelland-4/?utm_source=google&utm_medium=cpc&utm_campaign=job_feed,https://images.unsplash.com/photo-1714976694810-85add1a29c96?q=80&w=1200&h=628&auto=format&fit=crop,Psycholoog,Bekijk deze vacature,€5988-€6918,Psycholoog,Werken bij GGZ;Werken bij GGZ Amsterdam;Amstelland;FACT;Behandelaar;Werken bij GGZ inGeest;Klinisch neuropsycholoog;Basispsycholoog;Werken in de GGZ;Vacatures Amsterdam;GGZ inGeest Amsterdam vacatures;Psychologie;GGZ inGeest vacatures;GGZ;GGZ vacatures;Vacatures GGZ inGeest;Gz-psycholoog;Klinisch psycholoog;GZ-psycholoog;GGZ vacatures Amsterdam;Vacatures inGeest;Amsterdam,"Amsterdam, NL",8e40dc1444;3684930501;8102f48e74;7cd64f3577;1dab4970ef;37bb8f1621;8dddef43c8;0a145bd45c;8d517e43f7;56f92cccac
6e4fab058e,Amsterdam,Manager Financiële,https://werkenbij.ggzingeest.nl/vacatures/manager-financiele-administratie/?utm_source=google&utm_medium=cpc&utm_campaign=job_feed,https://plus.unsplash.com/premium_photo-1731540602286-05ebb2078c83?q=80&w=1200&h=628&auto=format&fit=crop,Zorg,Bekijk deze vacature,€5294-€6918,Zorg,Werken bij GGZ;Werken bij GGZ Amsterdam;Jeugdpsychiatrie;Werken bij GGZ inGeest;Administratie;Werken in de GGZ;Gezondheidszorg;Vacatures Amsterdam;GGZ inGeest Amsterdam vacatures;Welzijn;GGZ inGeest vacatures;Jeugd GGZ;Hulpverlening;GGZ vacatures;Vacatures GGZ inGeest;Manager;GGZ vacatures Amsterdam;Vacatures inGeest;Amsterdam;Financiële,"Amsterdam, NL",c26fb34467;49532e2f08;f3f420cac2;f8316a04dc;b413af696b;c951ed80b6;3d81843324;e70af7affc;c9d3d700fc;3a11987bde
39b3e7e848,Amsterdam,Verpleegkundig,https://werkenbij.ggzingeest.nl/vacatures/verpleegkundig-specialist-fact-hoofddorp-1/?utm_source=google&utm_medium=cpc&utm_campaign=job_feed,https://images.unsplash.com/photo-1714976694810-85add1a29c96?q=80&w=1200&h=628&auto=format&fit=crop,Specialist,Bekijk deze vacature,€5645-€6918,Specialist,Werken bij GGZ;Zorgprofessional;Werken bij GGZ Amsterdam;FACT;Behandelaar;Werken bij GGZ inGeest;Werken in de GGZ;Vacatures Amsterdam;GGZ inGeest Amsterdam vacatures;Verpleegkundig;GGZ inGeest vacatures;Expertise;Hoofddorp;GGZ vacatures;Vacatures GGZ inGeest;specialist;GGZ vacatures Amsterdam;Vacatures inGeest;Amsterdam;Specialisme,"Amsterdam, NL",a02de2e7e9;6efd48beee;529a0233d2;772bd2c0bc;66efc58783;f10ed7f088;f28ddeb7e4;796ae11221;54ed07e1a9;38e54daab6
7af51282b9,Amsterdam,Psych. Kliniek,https://werkenbij.ggzingeest.nl/vacatures/psychiater-kliniek-high-care-haarlem/?utm_source=google&utm_medium=cpc&utm_campaign=job_feed,https://images.unsplash.com/photo-1714976694810-85add1a29c96?q=80&w=1200&h=628&auto=format&fit=crop,Psychiater,Bekijk deze vacature,€11292,Psychiater,Werken bij GGZ;Medisch specialist;Werken bij GGZ Amsterdam;Kliniek;Werken bij GGZ inGeest;Psychiater vacature;BIG;Werken in de GGZ;Vacatures Amsterdam;GGZ inGeest Amsterdam vacatures;High;Psychiatrie;GGZ inGeest vacatures;GGZ Amsterdam;Psychiater;GGZ vacatures;Vacatures GGZ inGeest;Care;Arts;GGZ vacatures Amsterdam;Haarlem;Vacatures inGeest;Amsterdam;Zorg,"Amsterdam, NL",2fa483448c;d18ceac5ce;05ae157cb4;3bd9db5fbe;f2fbd0ea11;cf53e38c02;803a14573e;3bd14dc89e;706aa4a8a6
2297acb2f8,Amsterdam,Basisarts Kliniek,https://werkenbij.ggzingeest.nl/vacatures/basisarts-kliniek-ouderen-haarlem/?utm_source=google&utm_medium=cpc&utm_campaign=job_feed,https://images.unsplash.com/photo-1631217871099-88310a909a32?q=80&w=1200&h=628&auto=format&fit=crop,Arts,Bekijk deze vacature,€5294-€6918,Arts,Werken bij GGZ;Werken bij GGZ Amsterdam;Kliniek;Werken bij GGZ inGeest;Werken in de GGZ;Vacatures Amsterdam;GGZ inGeest Amsterdam vacatures;Ouderen;GGZ inGeest vacatures;Geneeskunde;GGZ vacatures;Vacatures GGZ inGeest;ANIOS psychiatrie;GGZ vacatures Amsterdam;Opleidingsplaats;Specialist;Haarlem;Basisarts;Vacatures inGeest;Amsterdam;Medisch;Zorg,"Amsterdam, NL",acbc5d8d44;476a48333d;02cb14a94d;d4299f1420;48d195df1d;334b3b0237;5993182648;a1332e5c8b;db0245e01c
6efd48beee,Amsterdam,Verpleegkundig,https://werkenbij.ggzingeest.nl/vacatures/verpleegkundig-specialist-fact-amstelland/?utm_source=google&utm_medium=cpc&utm_campaign=job_feed,https://images.unsplash.com/photo-1714976694810-85add1a29c96?q=80&w=1200&h=628&auto=format&fit=crop,Specialist,Bekijk deze vacature,€5645-€6918,Specialist,Werken bij GGZ;Zorgprofessional;Werken bij GGZ Amsterdam;Amstelland;FACT;Behandelaar;Werken bij GGZ inGeest;Werken in de GGZ;Vacatures Amsterdam;GGZ inGeest Amsterdam vacatures;Verpleegkundig;GGZ inGeest vacatures;Expertise;GGZ vacatures;Vacatures GGZ inGeest;specialist;GGZ vacatures Amsterdam;Vacatures inGeest;Amsterdam;Specialisme,"Amsterdam, NL",a02de2e7e9;39b3e7e848;529a0233d2;772bd2c0bc;66efc58783;f10ed7f088;f28ddeb7e4;796ae11221;54ed07e1a9;38e54daab6
925a7c396a,Amsterdam,Hbo-verpleegkundige,https://werkenbij.ggzingeest.nl/vacatures/hboverpleegkundige-in-de-psychiatrie/?utm_source=google&utm_medium=cpc&utm_campaign=job_feed,https://images.unsplash.com/photo-1631217868264-e5b90bb7e133?q=80&w=1200&h=628&auto=format&fit=crop,Verpleegkundige,Bekijk deze vacature,€3180-€4716,Verpleegkundige,Werken bij GGZ;Werken bij GGZ Amsterdam;Werken bij GGZ inGeest;HBO verpleegkundige;klinieken;BIG;Werken in de GGZ;Leerling verpleegkundige;Vacatures Amsterdam;GGZ inGeest Amsterdam vacatures;GGZ inGeest vacatures;Verpleging;Vacatures inGeest;GGZ vacatures;Vacatures GGZ inGeest;Ziekenhuis;GGZ vacatures Amsterdam;Ambulant verpleegkundige;Hbo-verpleegkundige;GGZ verpleegkundige;Amsterdam;Zorg,"Amsterdam, NL",d1b185c01d;215545cf9a;e806f18930;d256b4b5fa;bf408333f6;433175e3de;a467e94ddd;ff5f5a85ec;59473f96a8;abdaf86524
f8316a04dc,Amsterdam,Maatschappelijk werker,https://werkenbij.ggzingeest.nl/vacatures/maatschappelijk-werker-ouderen-open-amsterdam-zwangerschapsvervanging/?utm_source=google&utm_medium=cpc&utm_campaign=job_feed,https://plus.unsplash.com/premium_photo-1731540602286-05ebb2078c83?q=80&w=1200&h=628&auto=format&fit=crop,Zorg,Bekijk deze vacature,€4000-€5294,Zorg,Werken bij GGZ;Werken bij GGZ Amsterdam;Jeugdpsychiatrie;Open;Werken bij GGZ inGeest;Werken in de GGZ;Gezondheidszorg;Vacatures Amsterdam;GGZ inGeest Amsterdam vacatures;Ouderen;Welzijn;GGZ inGeest vacatures;Jeugd GGZ;Maatschappelijk;(Zwangerschapsvervanging);Hulpverlening;GGZ vacatures;Vacatures GGZ inGeest;GGZ vacatures Amsterdam;Vacatures inGeest;Amsterdam;werker,"Amsterdam, NL",c26fb34467;49532e2f08;f3f420cac2;6e4fab058e;b413af696b;c951ed80b6;3d81843324;e70af7affc;c9d3d700fc;3a11987bde
529a0233d2,Amsterdam,VS HoPE Amsterdam,https://werkenbij.ggzingeest.nl/vacatures/verpleegkundig-specialist-hope-amsterdam/?utm_source=google&utm_medium=cpc&utm_campaign=job_feed,https://images.unsplash.com/photo-1714976694810-85add1a29c96?q=80&w=1200&h=628&auto=format&fit=crop,Specialist,Bekijk deze vacature,€5645-€6918,Specialist,Werken bij GGZ;Zorgprofessional;Werken bij GGZ Amsterdam;Behandelaar;Werken bij GGZ inGeest;Werken in de GGZ;Vacatures Amsterdam;GGZ inGeest Amsterdam vacatures;Verpleegkundig;GGZ inGeest vacatures;Expertise;HoPE;GGZ vacatures;Vacatures GGZ inGeest;GGZ vacatures Amsterdam;Specialist;Vacatures inGeest;Amsterdam;Specialisme,"Amsterdam, NL",a02de2e7e9;39b3e7e848;6efd48beee;772bd2c0bc;66efc58783;f10ed7f088;f28ddeb7e4;796ae11221;54ed07e1a9;38e54daab6
8e40dc1444,Amsterdam,Gz-psycholoog FACT,https://werkenbij.ggzingeest.nl/vacatures/gz-psycholoog-fact-amsterdam-slotervaart/?utm_source=google&utm_medium=cpc&utm_campaign=job_feed,https://images.unsplash.com/photo-1714976694810-85add1a29c96?q=80&w=1200&h=628&auto=format&fit=crop,Psycholoog,Bekijk deze vacature,€5988-€6918,Psycholoog,Werken bij GGZ;Werken bij GGZ Amsterdam;FACT;Behandelaar;Werken bij GGZ inGeest;Klinisch neuropsycholoog;Basispsycholoog;Werken in de GGZ;Vacatures Amsterdam;GGZ inGeest Amsterdam vacatures;Slotervaart;Psychologie;GGZ inGeest vacatures;GGZ;GGZ vacatures;Vacatures GGZ inGeest;Gz-psycholoog;Klinisch psycholoog;GZ-psycholoog;GGZ vacatures Amsterdam;Vacatures inGeest;Amsterdam,"Amsterdam, NL",e4e9e84b09;3684930501;8102f48e74;7cd64f3577;1dab4970ef;37bb8f1621;8dddef43c8;0a145bd45c;8d517e43f7;56f92cccac
b413af696b,Amsterdam,Arbo-,https://werkenbij.ggzingeest.nl/vacatures/arbo-en-veiligheidsadviseur-amsterdam/?utm_source=google&utm_medium=cpc&utm_campaign=job_feed,https://plus.unsplash.com/premium_photo-1731540602286-05ebb2078c83?q=80&w=1200&h=628&auto=format&fit=crop,Zorg,Bekijk deze vacature,€4000-€5294,Zorg,Werken bij GGZ;Werken bij GGZ Amsterdam;Jeugdpsychiatrie;Werken bij GGZ inGeest;Werken in de GGZ;Gezondheidszorg;Vacatures Amsterdam;GGZ inGeest Amsterdam vacatures;Welzijn;GGZ inGeest vacatures;Arbo-;Jeugd GGZ;Hulpverlening;Veiligheidsadviseur;GGZ vacatures;Vacatures GGZ inGeest;GGZ vacatures Amsterdam;Vacatures inGeest;Amsterdam,"Amsterdam, NL",c26fb34467;49532e2f08;f3f420cac2;6e4fab058e;f8316a04dc;c951ed80b6;3d81843324;e70af7affc;c9d3d700fc;3a11987bde
772bd2c0bc,Amsterdam,VS Polikliniek Depressie,https://werkenbij.ggzingeest.nl/vacatures/verpleegkundig-specialist-polikliniek-depressie-amsterdam/?utm_source=google&utm_medium=cpc&utm_campaign=job_feed,https://images.unsplash.com/photo-1714976694810-85add1a29c96?q=80&w=1200&h=628&auto=format&fit=crop,Specialist,Bekijk deze vacature,€5645-€6918,Specialist,Werken bij GGZ;Zorgprofessional;Werken bij GGZ Amsterdam;Polikliniek;Behandelaar;Werken bij GGZ inGeest;Werken in de GGZ;Vacatures Amsterdam;GGZ inGeest Amsterdam vacatures;Verpleegkundig;GGZ inGeest vacatures;Expertise;GGZ vacatures;Vacatures GGZ inGeest;Depressie;GGZ vacatures Amsterdam;Specialist;Vacatures inGeest;Amsterdam;Specialisme,"Amsterdam, NL",a02de2e7e9;39b3e7e848;6efd48beee;529a0233d2;66efc58783;f10ed7f088;f28ddeb7e4;796ae11221;54ed07e1a9;38e54daab6
e806f18930,Amsterdam,Vpl. kliniek,https://werkenbij.ggzingeest.nl/vacatures/verpleegkundige-kliniek-high-intensive-care-haarlem/?utm_source=google&utm_medium=cpc&utm_campaign=job_feed,https://images.unsplash.com/photo-1631217868264-e5b90bb7e133?q=80&w=1200&h=628&auto=format&fit=crop,Verpleegkundige,Bekijk deze vacature,€2888-€4716,Verpleegkundige,Werken bij GGZ;Werken bij GGZ Amsterdam;intensive;Werken bij GGZ inGeest;HBO verpleegkundige;care;BIG;Werken in de GGZ;Leerling verpleegkundige;Vacatures Amsterdam;kliniek;GGZ inGeest Amsterdam vacatures;GGZ inGeest vacatures;high;Verpleging;Vacatures inGeest;GGZ vacatures;Vacatures GGZ inGeest;Verpleegkundige;Ziekenhuis;GGZ vacatures Amsterdam;Haarlem;Ambulant verpleegkundige;GGZ verpleegkundige;Amsterdam,"Amsterdam, NL",d1b185c01d;215545cf9a;925a7c396a;d256b4b5fa;bf408333f6;433175e3de;a467e94ddd;ff5f5a85ec;59473f96a8;abdaf86524
d256b4b5fa,Amsterdam,Begl. Vpl. Flexpool,https://werkenbij.ggzingeest.nl/vacatures/begeleider-verpleegkundige-flexpool-nacht/?utm_source=google&utm_medium=cpc&utm_campaign=job_feed,https://images.unsplash.com/photo-1631217868264-e5b90bb7e133?q=80&w=1200&h=628&auto=format&fit=crop,Verpleegkundige,Bekijk deze vacature,€2888-€3917,Verpleegkundige,Werken bij GGZ;Werken bij GGZ Amsterdam;Werken bij GGZ inGeest;HBO verpleegkundige;Begeleider;BIG;Werken in de GGZ;Leerling verpleegkundige;(Nacht);Vacatures Amsterdam;GGZ inGeest Amsterdam vacatures;GGZ inGeest vacatures;Flexpool;Verpleging;Vacatures inGeest;GGZ vacatures;Vacatures GGZ inGeest;Verpleegkundige;Ziekenhuis;GGZ vacatures Amsterdam;Ambulant verpleegkundige;GGZ verpleegkundige;Amsterdam;Zorg,"Amsterdam, NL",d1b185c01d;215545cf9a;925a7c396a;e806f18930;bf408333f6;433175e3de;a467e94ddd;ff5f5a85ec;59473f96a8;abdaf86524
bf408333f6,Amsterdam,Vpl. kliniek,https://werkenbij.ggzingeest.nl/vacatures/verpleegkundige-kliniek-high-care-haarlem-1/?utm_source=google&utm_medium=cpc&utm_campaign=job_feed,https://images.unsplash.com/photo-1631217868264-e5b90bb7e133?q=80&w=1200&h=628&auto=format&fit=crop,Verpleegkundige,Bekijk deze vacature,€2888-€4716,Verpleegkundige,Werken bij GGZ;Werken bij GGZ Amsterdam;Werken bij GGZ inGeest;HBO verpleegkundige;care;BIG;Werken in de GGZ;Leerling verpleegkundige;Vacatures Amsterdam;kliniek;GGZ inGeest Amsterdam vacatures;GGZ inGeest vacatures;high;Verpleging;Vacatures inGeest;GGZ vacatures;Vacatures GGZ inGeest;Verpleegkundige;Ziekenhuis;GGZ vacatures Amsterdam;Haarlem;Ambulant verpleegkundige;GGZ verpleegkundige;Amsterdam;Zorg,"Amsterdam, NL",d1b185c01d;215545cf9a;925a7c396a;e806f18930;d256b4b5fa;433175e3de;a467e94ddd;ff5f5a85ec;59473f96a8;abdaf86524
6bead71c7a,Amsterdam,Ervaringsdeskundige FACT,https://werkenbij.ggzingeest.nl/vacatures/ervaringsdeskundige-fact-klinieken-1/?utm_source=google&utm_medium=cpc&utm_campaign=job_feed,https://images.unsplash.com/photo-1582213782179-e0d53f98f2ca?auto=format&fit=crop&crop=faces&w=1200&h=628&q=80,Ervaringsdeskundige,Bekijk deze vacature,€3560-€4716,Ervaringsdeskundige,Werken bij GGZ;Werken bij GGZ Amsterdam;FACT;Werken bij GGZ inGeest;Werken in de GGZ;Vacatures Amsterdam;GGZ inGeest Amsterdam vacatures;GGZ inGeest vacatures;Ervaringsdeskundige;Herstel;Klinieken;GGZ vacatures;Vacatures GGZ inGeest;GGZ ervaringsdeskundige;Ervaringsdeskundigheid;Ondersteuning;GGZ vacatures Amsterdam;Vacatures inGeest;Amsterdam,"Amsterdam, NL",270ae9a3eb;1d7e8c1209
3684930501,Amsterdam,GZ-psycholoog FACT,https://werkenbij.ggzingeest.nl/vacatures/gz-psycholoog-fact-amstelveen-4/?utm_source=google&utm_medium=cpc&utm_campaign=job_feed,https://images.unsplash.com/photo-1714976694810-85add1a29c96?q=80&w=1200&h=628&auto=format&fit=crop,Psycholoog,Bekijk deze vacature,€5988-€6918,Psycholoog,Werken bij GGZ;Werken bij GGZ Amsterdam;FACT;Behandelaar;Werken bij GGZ inGeest;Klinisch neuropsycholoog;Basispsycholoog;Werken in de GGZ;Vacatures Amsterdam;GGZ inGeest Amsterdam vacatures;Psychologie;GGZ inGeest vacatures;GGZ;Amstelveen;GGZ vacatures;Vacatures GGZ inGeest;Klinisch psycholoog;GZ-psycholoog;GGZ vacatures Amsterdam;Vacatures inGeest;Amsterdam,"Amsterdam, NL",e4e9e84b09;8e40dc1444;8102f48e74;7cd64f3577;1dab4970ef;37bb8f1621;8dddef43c8;0a145bd45c;8d517e43f7;56f92cccac
c951ed80b6,Amsterdam,Zorgbeveiliger,https://werkenbij.ggzingeest.nl/vacatures/zorgbeveiliger-nacht-high-intensive-care-haarlem/?utm_source=google&utm_medium=cpc&utm_campaign=job_feed,https://plus.unsplash.com/premium_photo-1731540602286-05ebb2078c83?q=80&w=1200&h=628&auto=format&fit=crop,Zorg,Bekijk deze vacature,€2735-€3917,Zorg,Werken bij GGZ;Werken bij GGZ Amsterdam;Jeugdpsychiatrie;Werken bij GGZ inGeest;Werken in de GGZ;Gezondheidszorg;Vacatures Amsterdam;GGZ inGeest Amsterdam vacatures;High;Welzijn;GGZ inGeest vacatures;Jeugd GGZ;Hulpverlening;(nacht);GGZ vacatures;Vacatures GGZ inGeest;Care;Intensive;GGZ vacatures Amsterdam;Haarlem;Zorgbeveiliger;Vacatures inGeest;Amsterdam,"Amsterdam, NL",c26fb34467;49532e2f08;f3f420cac2;6e4fab058e;f8316a04dc;b413af696b;3d81843324;e70af7affc;c9d3d700fc;3a11987bde
93c4782938,Amsterdam,Begl. High Care Amsterdam,https://werkenbij.ggzingeest.nl/vacatures/begeleider-high-care-amsterdam/?utm_source=google&utm_medium=cpc&utm_campaign=job_feed,https://images.unsplash.com/photo-1663780887563-bfe3b3550de1?q=80&w=1200&h=628&auto=format&fit=crop,Begeleider,Bekijk deze vacature,€2888-€4273,Begeleider,Werken bij GGZ;Werken bij GGZ Amsterdam;Werken bij GGZ inGeest;Activiteitenbegeleider;Begeleider;Werken in de GGZ;Persoonlijk begeleider;Vacatures Amsterdam;GGZ inGeest Amsterdam vacatures;Ambulante begeleiding;High;Welzijn;GGZ inGeest vacatures;Ambulant begeleider;GGZ vacatures;Vacatures GGZ inGeest;Maatschappelijke zorg;Care;HBO;Begeleider niveau 4;Begeleider Amsterdam;GGZ vacatures Amsterdam;MBO;Vacatures inGeest;Amsterdam,"Amsterdam, NL",8c6abc8b08;ae461f709a;9d58365930;a488a1acc7;750d0685da;a9eac2ea28;94d3a70b91;d528010fea;d173df3d31
2fa483448c,Amsterdam,Psych. polikliniek,https://werkenbij.ggzingeest.nl/vacatures/psychiater-polikliniek-persoonlijkheidsstoornissenangstdepressie-haarlem/?utm_source=google&utm_medium=cpc&utm_campaign=job_feed,https://images.unsplash.com/photo-1714976694810-85add1a29c96?q=80&w=1200&h=628&auto=format&fit=crop,Psychiater,Bekijk deze vacature,€11292,Psychiater,Werken bij GGZ;Medisch specialist;Werken bij GGZ Amsterdam;polikliniek;Werken bij GGZ inGeest;Psychiater vacature;BIG;Werken in de GGZ;Vacatures Amsterdam;GGZ inGeest Amsterdam vacatures;Psychiatrie;GGZ inGeest vacatures;GGZ Amsterdam;Psychiater;Persoonlijkheidsstoornissen Angst&Depressie;GGZ vacatures;Vacatures GGZ inGeest;Arts;GGZ vacatures Amsterdam;Haarlem;Vacatures inGeest;Amsterdam;Zorg,"Amsterdam, NL",7af51282b9;d18ceac5ce;05ae157cb4;3bd9db5fbe;f2fbd0ea11;cf53e38c02;803a14573e;3bd14dc89e;706aa4a8a6
433175e3de,Amsterdam,Amb. verpleegkundige I,https://werkenbij.ggzingeest.nl/vacatures/ambulant-verpleegkundige-i-1/?utm_source=google&utm_medium=cpc&utm_campaign=job_feed,https://images.unsplash.com/photo-1631217868264-e5b90bb7e133?q=80&w=1200&h=628&auto=format&fit=crop,Verpleegkundige,Bekijk deze vacature,€3180-€4273,Verpleegkundige,Werken bij GGZ;Werken bij GGZ Amsterdam;Werken bij GGZ inGeest;HBO verpleegkundige;BIG;Werken in de GGZ;Leerling verpleegkundige;Vacatures Amsterdam;GGZ inGeest Amsterdam vacatures;GGZ inGeest vacatures;verpleegkundige;Verpleging;Vacatures inGeest;GGZ vacatures;Ambulant;Vacatures GGZ inGeest;Ziekenhuis;GGZ vacatures Amsterdam;Ambulant verpleegkundige;GGZ verpleegkundige;Amsterdam;Zorg,"Amsterdam, NL",d1b185c01d;215545cf9a;925a7c396a;e806f18930;d256b4b5fa;bf408333f6;a467e94ddd;ff5f5a85ec;59473f96a8;abdaf86524
a467e94ddd,Amsterdam,Opleidingsplaats,https://werkenbij.ggzingeest.nl/vacatures/opleidingsplaats-verpleegkundige-niveau-4-duaal-regulier-3/?utm_source=google&utm_medium=cpc&utm_campaign=job_feed,https://images.unsplash.com/photo-1631217868264-e5b90bb7e133?q=80&w=1200&h=628&auto=format&fit=crop,Verpleegkundige,Bekijk deze vacature,,Verpleegkundige,Werken bij GGZ;Werken bij GGZ Amsterdam;Werken bij GGZ inGeest;HBO verpleegkundige;BIG;Werken in de GGZ;Leerling verpleegkundige;Vacatures Amsterdam;GGZ inGeest Amsterdam vacatures;GGZ inGeest vacatures;verpleegkundige;Verpleging;Vacatures inGeest;GGZ vacatures;Vacatures GGZ inGeest;Ziekenhuis;duaal;niveau;GGZ vacatures Amsterdam;Opleidingsplaats;Ambulant verpleegkundige;regulier;GGZ verpleegkundige;Amsterdam;Zorg,"Amsterdam, NL",d1b185c01d;215545cf9a;925a7c396a;e806f18930;d256b4b5fa;bf408333f6;433175e3de;ff5f5a85ec;59473f96a8;abdaf86524
3d81843324,Amsterdam,Manager,https://werkenbij.ggzingeest.nl/vacatures/manager-inkoop-contractmanagement-amsterdam/?utm_source=google&utm_medium=cpc&utm_campaign=job_feed,https://plus.unsplash.com/premium_photo-1731540602286-05ebb2078c83?q=80&w=1200&h=628&auto=format&fit=crop,Zorg,Bekijk deze vacature,€5294-€6918,Zorg,Werken bij GGZ;Werken bij GGZ Amsterdam;Jeugdpsychiatrie;Werken bij GGZ inGeest;Werken in de GGZ;Gezondheidszorg;Inkoop;Vacatures Amsterdam;GGZ inGeest Amsterdam vacatures;Welzijn;GGZ inGeest vacatures;Jeugd GGZ;Contractmanagement;Hulpverlening;GGZ vacatures;Vacatures GGZ inGeest;Manager;GGZ vacatures Amsterdam;Vacatures inGeest;Amsterdam,"Amsterdam, NL",c26fb34467;49532e2f08;f3f420cac2;6e4fab058e;f8316a04dc;b413af696b;c951ed80b6;e70af7affc;c9d3d700fc;3a11987bde
d18ceac5ce,Amsterdam,Psych. FACT Hoofddorp,https://werkenbij.ggzingeest.nl/vacatures/psychiater-fact-hoofddorp-4/?utm_source=google&utm_medium=cpc&utm_campaign=job_feed,https://images.unsplash.com/photo-1714976694810-85add1a29c96?q=80&w=1200&h=628&auto=format&fit=crop,Psychiater,Bekijk deze vacature,€11292,Psychiater,Werken bij GGZ;Medisch specialist;Werken bij GGZ Amsterdam;FACT;Werken bij GGZ inGeest;Psychiater vacature;BIG;Werken in de GGZ;Vacatures Amsterdam;GGZ inGeest Amsterdam vacatures;Psychiatrie;GGZ inGeest vacatures;GGZ Amsterdam;Psychiater;Hoofddorp;GGZ vacatures;Vacatures GGZ inGeest;Arts;GGZ vacatures Amsterdam;Vacatures inGeest;Amsterdam;Zorg,"Amsterdam, NL",7af51282b9;2fa483448c;05ae157cb4;3bd9db5fbe;f2fbd0ea11;cf53e38c02;803a14573e;3bd14dc89e;706aa4a8a6
e70af7affc,Amsterdam,Medw. Zorgcontrol,https://werkenbij.ggzingeest.nl/vacatures/medewerker-zorgcontrol-1/?utm_source=google&utm_medium=cpc&utm_campaign=job_feed,https://plus.unsplash.com/premium_photo-1731540602286-05ebb2078c83?q=80&w=1200&h=628&auto=format&fit=crop,Zorg,Bekijk deze vacature,€2888-€3917,Zorg,Werken bij GGZ;Werken bij GGZ Amsterdam;Jeugdpsychiatrie;Werken bij GGZ inGeest;Werken in de GGZ;Gezondheidszorg;Vacatures Amsterdam;GGZ inGeest Amsterdam vacatures;Welzijn;GGZ inGeest vacatures;Medewerker;Jeugd GGZ;Hulpverlening;GGZ vacatures;Vacatures GGZ inGeest;Zorgcontrol;GGZ vacatures Amsterdam;Vacatures inGeest;Amsterdam,"Amsterdam, NL",c26fb34467;49532e2f08;f3f420cac2;6e4fab058e;f8316a04dc;b413af696b;c951ed80b6;3d81843324;c9d3d700fc;3a11987bde
66efc58783,Amsterdam,Verpleegkundig,https://werkenbij.ggzingeest.nl/vacatures/verpleegkundig-specialist-fact-ouderen-amstelveen/?utm_source=google&utm_medium=cpc&utm_campaign=job_feed,https://images.unsplash.com/photo-1714976694810-85add1a29c96?q=80&w=1200&h=628&auto=format&fit=crop,Specialist,Bekijk deze vacature,€5645-€6918,Specialist,Werken bij GGZ;Zorgprofessional;Werken bij GGZ Amsterdam;FACT;Behandelaar;Werken bij GGZ inGeest;Werken in de GGZ;Vacatures Amsterdam;GGZ inGeest Amsterdam vacatures;Verpleegkundig;Ouderen;GGZ inGeest vacatures;Expertise;Amstelveen;GGZ vacatures;Vacatures GGZ inGeest;specialist;GGZ vacatures Amsterdam;Vacatures inGeest;Amsterdam;Specialisme,"Amsterdam, NL",a02de2e7e9;39b3e7e848;6efd48beee;529a0233d2;772bd2c0bc;f10ed7f088;f28ddeb7e4;796ae11221;54ed07e1a9;38e54daab6
c9d3d700fc,Amsterdam,Projectleider,https://werkenbij.ggzingeest.nl/vacatures/projectleider-vastgoedbeheer-amsterdam/?utm_source=google&utm_medium=cpc&utm_campaign=job_feed,https://plus.unsplash.com/premium_photo-1731540602286-05ebb2078c83?q=80&w=1200&h=628&auto=format&fit=crop,Zorg,Bekijk deze vacature,€4000-€5294,Zorg,Werken bij GGZ;Werken bij GGZ Amsterdam;Jeugdpsychiatrie;Werken bij GGZ inGeest;Werken in de GGZ;Gezondheidszorg;Vacatures Amsterdam;GGZ inGeest Amsterdam vacatures;Welzijn;GGZ inGeest vacatures;Jeugd GGZ;Hulpverlening;GGZ vacatures;Vacatures GGZ inGeest;Vastgoedbeheer;Projectleider;GGZ vacatures Amsterdam;Vacatures inGeest;Amsterdam,"Amsterdam, NL",c26fb34467;49532e2f08;f3f420cac2;6e4fab058e;f8316a04dc;b413af696b;c951ed80b6;3d81843324;e70af7affc;3a11987bde
8c6abc8b08,Amsterdam,Begl. kliniek,https://werkenbij.ggzingeest.nl/vacatures/begeleider-kliniek-high-intensive-care-haarlem/?utm_source=google&utm_medium=cpc&utm_campaign=job_feed,https://images.unsplash.com/photo-1663780887563-bfe3b3550de1?q=80&w=1200&h=628&auto=format&fit=crop,Begeleider,Bekijk deze vacature,€2888-€4716,Begeleider,Werken bij GGZ;Werken bij GGZ Amsterdam;intensive;Werken bij GGZ inGeest;Activiteitenbegeleider;care;Begeleider;Werken in de GGZ;Persoonlijk begeleider;Vacatures Amsterdam;kliniek;GGZ inGeest Amsterdam vacatures;Ambulante begeleiding;Welzijn;GGZ inGeest vacatures;high;Ambulant begeleider;GGZ vacatures;Vacatures GGZ inGeest;Maatschappelijke zorg;HBO;Begeleider niveau 4;Begeleider Amsterdam;GGZ vacatures Amsterdam;Haarlem,"Amsterdam, NL",93c4782938;ae461f709a;9d58365930;a488a1acc7;750d0685da;a9eac2ea28;94d3a70b91;d528010fea;d173df3d31
ff5f5a85ec,Amsterdam,Vpl. woonlocatie,https://werkenbij.ggzingeest.nl/vacatures/verpleegkundige-woonlocatie-amsterdam/?utm_source=google&utm_medium=cpc&utm_campaign=job_feed,https://images.unsplash.com/photo-1631217868264-e5b90bb7e133?q=80&w=1200&h=628&auto=format&fit=crop,Verpleegkundige,Bekijk deze vacature,€2888-€4273,Verpleegkundige,Werken bij GGZ;Werken bij GGZ Amsterdam;Werken bij GGZ inGeest;HBO verpleegkundige;BIG;Werken in de GGZ;Leerling verpleegkundige;Vacatures Amsterdam;woonlocatie;GGZ inGeest Amsterdam vacatures;GGZ inGeest vacatures;Verpleging;Vacatures inGeest;GGZ vacatures;Vacatures GGZ inGeest;Verpleegkundige;Ziekenhuis;GGZ vacatures Amsterdam;Ambulant verpleegkundige;GGZ verpleegkundige;Amsterdam;Zorg,"Amsterdam, NL",d1b185c01d;215545cf9a;925a7c396a;e806f18930;d256b4b5fa;bf408333f6;433175e3de;a467e94ddd;59473f96a8;abdaf86524
59473f96a8,Amsterdam,Amb. Vpl. Polikliniek,https://werkenbij.ggzingeest.nl/vacatures/ambulant-verpleegkundige-polikliniek-angst-en-depressie-haarlem/?utm_source=google&utm_medium=cpc&utm_campaign=job_feed,https://images.unsplash.com/photo-1631217868264-e5b90bb7e133?q=80&w=1200&h=628&auto=format&fit=crop,Verpleegkundige,Bekijk deze vacature,€3560-€4716,Verpleegkundige,Werken bij GGZ;Werken bij GGZ Amsterdam;Polikliniek;Werken bij GGZ inGeest;HBO verpleegkundige;BIG;Werken in de GGZ;Leerling verpleegkundige;Vacatures Amsterdam;GGZ inGeest Amsterdam vacatures;GGZ inGeest vacatures;Verpleging;Vacatures inGeest;GGZ vacatures;Ambulant;Vacatures GGZ inGeest;Verpleegkundige;Ziekenhuis;Depressie;GGZ vacatures Amsterdam;Haarlem;Angst;Ambulant verpleegkundige;GGZ verpleegkundige;Amsterdam,"Amsterdam, NL",d1b185c01d;215545cf9a;925a7c396a;e806f18930;d256b4b5fa;bf408333f6;433175e3de;a467e94ddd;ff5f5a85ec;abdaf86524
3a11987bde,Amsterdam,Gedragsdeskundige,https://werkenbij.ggzingeest.nl/vacatures/gedragsdeskundige-woonlocatie-amsterdam/?utm_source=google&utm_medium=cpc&utm_campaign=job_feed,https://plus.unsplash.com/premium_photo-1731540602286-05ebb2078c83?q=80&w=1200&h=628&auto=format&fit=crop,Zorg,Bekijk deze vacature,€4544-€5901,Zorg,Werken bij GGZ;Werken bij GGZ Amsterdam;Jeugdpsychiatrie;Werken bij GGZ inGeest;Werken in de GGZ;Gezondheidszorg;Vacatures Amsterdam;GGZ inGeest Amsterdam vacatures;Welzijn;GGZ inGeest vacatures;Jeugd GGZ;Hulpverlening;Gedragsdeskundige;GGZ vacatures;Vacatures GGZ inGeest;GGZ vacatures Amsterdam;Woonlocatie;Vacatures inGeest;Amsterdam,"Amsterdam, NL",c26fb34467;49532e2f08;f3f420cac2;6e4fab058e;f8316a04dc;b413af696b;c951ed80b6;3d81843324;e70af7affc;c9d3d700fc
73ec9e3cb5,Amsterdam,Medewerker,https://werkenbij.ggzingeest.nl/vacatures/medewerker-behandelaarsondersteuning-hilligaertstraat/?utm_source=google&utm_medium=cpc&utm_campaign=job_feed,https://plus.unsplash.com/premium_photo-1731540602286-05ebb2078c83?q=80&w=1200&h=628&auto=format&fit=crop,Zorg,Bekijk deze vacature,€2735-€3560,Zorg,Werken bij GGZ;Werken bij GGZ Amsterdam;Jeugdpsychiatrie;Werken bij GGZ inGeest;Werken in de GGZ;Gezondheidszorg;Vacatures Amsterdam;GGZ inGeest Amsterdam vacatures;Hilligaertstraat;Welzijn;GGZ inGeest vacatures;Medewerker;Jeugd GGZ;Hulpverlening;GGZ vacatures;Vacatures GGZ inGeest;Behandelaarsondersteuning;GGZ vacatures Amsterdam;Vacatures inGeest;Amsterdam,"Amsterdam, NL",c26fb34467;49532e2f08;f3f420cac2;6e4fab058e;f8316a04dc;b413af696b;c951ed80b6;3d81843324;e70af7affc;c9d3d700fc
10348e7523,Amsterdam,Casemanager FACT,https://werkenbij.ggzingeest.nl/vacatures/casemanager-fact-amsterdam-nieuw-west/?utm_source=google&utm_medium=cpc&utm_campaign=job_feed,https://images.unsplash.com/photo-1758611971095-87f590f8c4ed?q=80&w=1200&h=628&auto=format&fit=crop,Casemanager,Bekijk deze vacature,€4000-€5294,Casemanager,Werken bij GGZ;Werken bij GGZ Amsterdam;FACT;Werken bij GGZ inGeest;Werken in de GGZ;Vacatures Amsterdam;GGZ inGeest Amsterdam vacatures;West;Casemanager GGZ;Nieuw;GGZ inGeest vacatures;Casemanager;Vacatures inGeest;GGZ vacatures;Zorgcoördinatie;Vacatures GGZ inGeest;GGZ vacatures Amsterdam;Ambulante zorg;Casemanager Amsterdam;Regiebehandelaar;Amsterdam,"Amsterdam, NL",1c060d4eb9;3e1bf8d4bd;161162f937;7b809c5ef6
718986984f,Amsterdam,Directieassistent HR,https://werkenbij.ggzingeest.nl/vacatures/directieassistent-hr-amsterdam/?utm_source=google&utm_medium=cpc&utm_campaign=job_feed,https://plus.unsplash.com/premium_photo-1731540602286-05ebb2078c83?q=80&w=1200&h=628&auto=format&fit=crop,Zorg,Bekijk deze vacature,€3180-€4273,Zorg,Vacatures Amsterdam;Werken bij GGZ;Jeugd GGZ;Werken bij GGZ Amsterdam;Jeugdpsychiatrie;GGZ inGeest Amsterdam vacatures;Hulpverlening;Werken bij GGZ inGeest;GGZ vacatures;Welzijn;GGZ vacatures Amsterdam;Vacatures GGZ inGeest;GGZ inGeest vacatures;Amsterdam;Werken in de GGZ;Vacatures inGeest;Directieassistent;Gezondheidszorg,"Amsterdam, NL",c26fb34467;49532e2f08;f3f420cac2;6e4fab058e;f8316a04dc;b413af696b;c951ed80b6;3d81843324;e70af7affc;c9d3d700fc
c68597ff3a,Amsterdam,Stage MBO-verpleegkunde,https://werkenbij.ggzingeest.nl/vacatures/stage-mbo-verpleegkunde/?utm_source=google&utm_medium=cpc&utm_campaign=job_feed,https://plus.unsplash.com/premium_photo-1731540602286-05ebb2078c83?q=80&w=1200&h=628&auto=format&fit=crop,Zorg,Bekijk deze vacature,€234-€527,Zorg,Werken bij GGZ;Werken bij GGZ Amsterdam;Jeugdpsychiatrie;MBO-verpleegkunde;Werken bij GGZ inGeest;Werken in de GGZ;Gezondheidszorg;Vacatures Amsterdam;GGZ inGeest Amsterdam vacatures;Welzijn;GGZ inGeest vacatures;Stage;Jeugd GGZ;Hulpverlening;GGZ vacatures;Vacatures GGZ inGeest;GGZ vacatures Amsterdam;Vacatures inGeest;Amsterdam,"Amsterdam, NL",c26fb34467;49532e2f08;f3f420cac2;6e4fab058e;f8316a04dc;b413af696b;c951ed80b6;3d81843324;e70af7affc;c9d3d700fc
476a48333d,Amsterdam,Basisarts HIC Haarlem,https://werkenbij.ggzingeest.nl/vacatures/basisarts-high-intensive-care-haarlem/?utm_source=google&utm_medium=cpc&utm_campaign=job_feed,https://images.unsplash.com/photo-1631217871099-88310a909a32?q=80&w=1200&h=628&auto=format&fit=crop,Arts,Bekijk deze vacature,€5294-€6918,Arts,Werken bij GGZ;Werken bij GGZ Amsterdam;Werken bij GGZ inGeest;Werken in de GGZ;Vacatures Amsterdam;GGZ inGeest Amsterdam vacatures;High;GGZ inGeest vacatures;Geneeskunde;GGZ vacatures;Vacatures GGZ inGeest;Care;ANIOS psychiatrie;Intensive;GGZ vacatures Amsterdam;Opleidingsplaats;Specialist;Haarlem;Basisarts;Vacatures inGeest;Amsterdam;Medisch;Zorg,"Amsterdam, NL",acbc5d8d44;2297acb2f8;02cb14a94d;d4299f1420;48d195df1d;334b3b0237;5993182648;a1332e5c8b;db0245e01c
abdaf86524,Amsterdam,Amb. verpleegkundige,https://werkenbij.ggzingeest.nl/vacatures/ambulant-verpleegkundigebegeleider-fact-flexpool-2/?utm_source=google&utm_medium=cpc&utm_campaign=job_feed,https://images.unsplash.com/photo-1631217868264-e5b90bb7e133?q=80&w=1200&h=628&auto=format&fit=crop,Verpleegkundige,Bekijk deze vacature,€4000-€5294,Verpleegkundige,Werken bij GGZ;Werken bij GGZ Amsterdam;FACT;Werken bij GGZ inGeest;HBO verpleegkundige;verpleegkundige begeleider;BIG;Werken in de GGZ;Leerling verpleegkundige;Vacatures Amsterdam;GGZ inGeest Amsterdam vacatures;(Flexpool);GGZ inGeest vacatures;Verpleging;Vacatures inGeest;GGZ vacatures;Ambulant;Vacatures GGZ inGeest;Ziekenhuis;GGZ vacatures Amsterdam;Ambulant verpleegkundige;GGZ verpleegkundige;Amsterdam;Zorg,"Amsterdam, NL",d1b185c01d;215545cf9a;925a7c396a;e806f18930;d256b4b5fa;bf408333f6;433175e3de;a467e94ddd;ff5f5a85ec;59473f96a8
f10ed7f088,Amsterdam,Applicatiespecialist,https://werkenbij.ggzingeest.nl/vacatures/applicatiespecialist-zorglogistiek-amsterdam/?utm_source=google&utm_medium=cpc&utm_campaign=job_feed,https://images.unsplash.com/photo-1714976694810-85add1a29c96?q=80&w=1200&h=628&auto=format&fit=crop,Specialist,Bekijk deze vacature,€3456-€4579,Specialist,Vacatures Amsterdam;Werken bij GGZ;Zorgprofessional;Werken bij GGZ Amsterdam;Applicatiespecialist;GGZ inGeest Amsterdam vacatures;Behandelaar;Werken bij GGZ inGeest;GGZ vacatures;GGZ vacatures Amsterdam;Vacatures GGZ inGeest;GGZ inGeest vacatures;Zorglogistiek;Werken in de GGZ;Expertise;Vacatures inGeest;Amsterdam;Specialisme,"Amsterdam, NL",a02de2e7e9;39b3e7e848;6efd48beee;529a0233d2;772bd2c0bc;66efc58783;f28ddeb7e4;796ae11221;54ed07e1a9;38e54daab6
7a01d8c193,Amsterdam,(Nacht-) verpleegkundige,https://werkenbij.ggzingeest.nl/vacatures/nacht-verpleegkundige-begeleider-high-care-haarlem/?utm_source=google&utm_medium=cpc&utm_campaign=job_feed,https://images.unsplash.com/photo-1631217868264-e5b90bb7e133?q=80&w=1200&h=628&auto=format&fit=crop,Verpleegkundige,Bekijk deze vacature,€2888-€4716,Verpleegkundige,Werken bij GGZ;Werken bij GGZ Amsterdam;Werken bij GGZ inGeest;HBO verpleegkundige;care;BIG;Werken in de GGZ;Leerling verpleegkundige;begeleider;Vacatures Amsterdam;GGZ inGeest Amsterdam vacatures;(Nacht-);GGZ inGeest vacatures;high;verpleegkundige;Verpleging;Vacatures inGeest;GGZ vacatures;Vacatures GGZ inGeest;Ziekenhuis;GGZ vacatures Amsterdam;Haarlem;Ambulant verpleegkundige;GGZ verpleegkundige;Amsterdam,"Amsterdam, NL",d1b185c01d;215545cf9a;925a7c396a;e806f18930;d256b4b5fa;bf408333f6;433175e3de;a467e94ddd;ff5f5a85ec;59473f96a8
02cb14a94d,Amsterdam,Basisarts FACT Hoofddorp,https://werkenbij.ggzingeest.nl/vacatures/basisarts-fact-hoofddorp-6/?utm_source=google&utm_medium=cpc&utm_campaign=job_feed,https://images.unsplash.com/photo-1631217871099-88310a909a32?q=80&w=1200&h=628&auto=format&fit=crop,Arts,Bekijk deze vacature,€5294-€6918,Arts,Werken bij GGZ;Werken bij GGZ Amsterdam;FACT;Werken bij GGZ inGeest;Werken in de GGZ;Vacatures Amsterdam;GGZ inGeest Amsterdam vacatures;GGZ inGeest vacatures;Geneeskunde;Hoofddorp;GGZ vacatures;Vacatures GGZ inGeest;ANIOS psychiatrie;GGZ vacatures Amsterdam;Opleidingsplaats;Specialist;Basisarts;Vacatures inGeest;Amsterdam;Medisch;Zorg,"Amsterdam, NL",acbc5d8d44;2297acb2f8;476a48333d;d4299f1420;48d195df1d;334b3b0237;5993182648;a1332e5c8b;db0245e01c
2272751e05,Amsterdam,Coord. wetenschappelijk,https://werkenbij.ggzingeest.nl/vacatures/coordinator-wetenschappelijk-onderzoek-directiesecretaresse-academische-taken/?utm_source=google&utm_medium=cpc&utm_campaign=job_feed,https://plus.unsplash.com/premium_photo-1731540602286-05ebb2078c83?q=80&w=1200&h=628&auto=format&fit=crop,Zorg,Bekijk deze vacature,€3180-€4274,Zorg,Werken bij GGZ;Werken bij GGZ Amsterdam;Jeugdpsychiatrie;Werken bij GGZ inGeest;Werken in de GGZ;Gezondheidszorg;Vacatures Amsterdam;GGZ inGeest Amsterdam vacatures;wetenschappelijk;Welzijn;GGZ inGeest vacatures;Directiesecretaresse;Jeugd GGZ;Hulpverlening;GGZ vacatures;Vacatures GGZ inGeest;Coördinator;Taken;GGZ vacatures Amsterdam;Academische;onderzoek;Vacatures inGeest;Amsterdam,"Amsterdam, NL",c26fb34467;49532e2f08;f3f420cac2;6e4fab058e;f8316a04dc;b413af696b;c951ed80b6;3d81843324;e70af7affc;c9d3d700fc
bbb7b1d096,Amsterdam,Amb. verpleegkundige IHT,https://werkenbij.ggzingeest.nl/vacatures/ambulant-verpleegkundige-iht-crisisdienst-amsterdam-1/?utm_source=google&utm_medium=cpc&utm_campaign=job_feed,https://images.unsplash.com/photo-1631217868264-e5b90bb7e133?q=80&w=1200&h=628&auto=format&fit=crop,Verpleegkundige,Bekijk deze vacature,€4000-€5294,Verpleegkundige,Werken bij GGZ;Werken bij GGZ Amsterdam;Werken bij GGZ inGeest;HBO verpleegkundige;BIG;Werken in de GGZ;Leerling verpleegkundige;Vacatures Amsterdam;GGZ inGeest Amsterdam vacatures;GGZ inGeest vacatures;verpleegkundige;Verpleging;Vacatures inGeest;GGZ vacatures;Ambulant;Vacatures GGZ inGeest;Crisisdienst;Ziekenhuis;GGZ vacatures Amsterdam;Ambulant verpleegkundige;GGZ verpleegkundige;Amsterdam;Zorg,"Amsterdam, NL",d1b185c01d;215545cf9a;925a7c396a;e806f18930;d256b4b5fa;bf408333f6;433175e3de;a467e94ddd;ff5f5a85ec;59473f96a8
d4299f1420,Amsterdam,Basisarts FACT Haarlem,https://werkenbij.ggzingeest.nl/vacatures/basisarts-fact-haarlem/?utm_source=google&utm_medium=cpc&utm_campaign=job_feed,https://images.unsplash.com/photo-1631217871099-88310a909a32?q=80&w=1200&h=628&auto=format&fit=crop,Arts,Bekijk deze vacature,€5294-€6918,Arts,Werken bij GGZ;Werken bij GGZ Amsterdam;FACT;Werken bij GGZ inGeest;Werken in de GGZ;Vacatures Amsterdam;GGZ inGeest Amsterdam vacatures;GGZ inGeest vacatures;Geneeskunde;GGZ vacatures;Vacatures GGZ inGeest;ANIOS psychiatrie;GGZ vacatures Amsterdam;Opleidingsplaats;Specialist;Haarlem;Basisarts;Vacatures inGeest;Amsterdam;Medisch;Zorg,"Amsterdam, NL",acbc5d8d44;2297acb2f8;476a48333d;02cb14a94d;48d195df1d;334b3b0237;5993182648;a1332e5c8b;db0245e01c
a83488f210,Amsterdam,Vpl. kliniek ouderen,https://werkenbij.ggzingeest.nl/vacatures/verpleegkundige-kliniek-ouderen-gesloten-amsterdam/?utm_source=google&utm_medium=cpc&utm_campaign=job_feed,https://images.unsplash.com/photo-1631217868264-e5b90bb7e133?q=80&w=1200&h=628&auto=format&fit=crop,Verpleegkundige,Bekijk deze vacature,€2888-€4273,Verpleegkundige,Werken bij GGZ;Werken bij GGZ Amsterdam;gesloten;Werken bij GGZ inGeest;HBO verpleegkundige;BIG;Werken in de GGZ;Leerling verpleegkundige;Vacatures Amsterdam;kliniek;GGZ inGeest Amsterdam vacatures;GGZ inGeest vacatures;ouderen;Verpleging;Vacatures inGeest;GGZ vacatures;Vacatures GGZ inGeest;Verpleegkundige;Ziekenhuis;GGZ vacatures Amsterdam;Ambulant verpleegkundige;GGZ verpleegkundige;Amsterdam;Zorg,"Amsterdam, NL",d1b185c01d;215545cf9a;925a7c396a;e806f18930;d256b4b5fa;bf408333f6;433175e3de;a467e94ddd;ff5f5a85ec;59473f96a8
1c060d4eb9,Amsterdam,GGZ-agoog Casemanager,https://werkenbij.ggzingeest.nl/vacatures/ggz-agoog-casemanager-crisisdienst-spaa/?utm_source=google&utm_medium=cpc&utm_campaign=job_feed,https://images.unsplash.com/photo-1758611971095-87f590f8c4ed?q=80&w=1200&h=628&auto=format&fit=crop,Casemanager,Bekijk deze vacature,€4000-€5294,Casemanager,Werken bij GGZ;Werken bij GGZ Amsterdam;Werken bij GGZ inGeest;Werken in de GGZ;Vacatures Amsterdam;GGZ inGeest Amsterdam vacatures;Casemanager GGZ;GGZ inGeest vacatures;Casemanager;SPAA;Vacatures inGeest;GGZ vacatures;Zorgcoördinatie;Vacatures GGZ inGeest;Crisisdienst;GGZ-agoog;GGZ vacatures Amsterdam;Ambulante zorg;Casemanager Amsterdam;Regiebehandelaar;Amsterdam,"Amsterdam, NL",10348e7523;3e1bf8d4bd;161162f937;7b809c5ef6
12aab4512a,Amsterdam,Opleidingsplaats,https://werkenbij.ggzingeest.nl/vacatures/opleidingsplaats-verpleegkundige-niveau-6-duaal-regulier/?utm_source=google&utm_medium=cpc&utm_campaign=job_feed,https://images.unsplash.com/photo-1631217868264-e5b90bb7e133?q=80&w=1200&h=628&auto=format&fit=crop,Verpleegkundige,Bekijk deze vacature,,Verpleegkundige,Werken bij GGZ;Werken bij GGZ Amsterdam;Werken bij GGZ inGeest;HBO verpleegkundige;BIG;Werken in de GGZ;Leerling verpleegkundige;Vacatures Amsterdam;GGZ inGeest Amsterdam vacatures;GGZ inGeest vacatures;verpleegkundige;Verpleging;Vacatures inGeest;GGZ vacatures;Vacatures GGZ inGeest;Ziekenhuis;duaal;niveau;GGZ vacatures Amsterdam;Opleidingsplaats;Ambulant verpleegkundige;regulier;GGZ verpleegkundige;Amsterdam;Zorg,"Amsterdam, NL",d1b185c01d;215545cf9a;925a7c396a;e806f18930;d256b4b5fa;bf408333f6;433175e3de;a467e94ddd;ff5f5a85ec;59473f96a8
ae461f709a,Amsterdam,Groepsbegeleider,https://werkenbij.ggzingeest.nl/vacatures/groepsbegeleider-high-care-amsterdam/?utm_source=google&utm_medium=cpc&utm_campaign=job_feed,https://images.unsplash.com/photo-1663780887563-bfe3b3550de1?q=80&w=1200&h=628&auto=format&fit=crop,Begeleider,Bekijk deze vacature,€2888-€3917,Begeleider,Werken bij GGZ;Werken bij GGZ Amsterdam;Groepsbegeleider;Werken bij GGZ inGeest;Activiteitenbegeleider;Werken in de GGZ;Persoonlijk begeleider;Vacatures Amsterdam;GGZ inGeest Amsterdam vacatures;Ambulante begeleiding;High;Welzijn;GGZ inGeest vacatures;Ambulant begeleider;GGZ vacatures;Vacatures GGZ inGeest;Maatschappelijke zorg;Care;HBO;Begeleider niveau 4;Begeleider Amsterdam;GGZ vacatures Amsterdam;MBO;Vacatures inGeest;Amsterdam,"Amsterdam, NL",93c4782938;8c6abc8b08;9d58365930;a488a1acc7;750d0685da;a9eac2ea28;94d3a70b91;d528010fea;d173df3d31
7db8a2ad98,Amsterdam,Maatschappelijk werker,https://werkenbij.ggzingeest.nl/vacatures/maatschappelijk-werker-high-care-haarlem-tijdelijke-functie/?utm_source=google&utm_medium=cpc&utm_campaign=job_feed,https://plus.unsplash.com/premium_photo-1731540602286-05ebb2078c83?q=80&w=1200&h=628&auto=format&fit=crop,Zorg,Bekijk deze vacature,€4000-€5294,Zorg,Werken bij GGZ;Werken bij GGZ Amsterdam;Jeugdpsychiatrie;Werken bij GGZ inGeest;Werken in de GGZ;Gezondheidszorg;Vacatures Amsterdam;GGZ inGeest Amsterdam vacatures;High;Welzijn;GGZ inGeest vacatures;Jeugd GGZ;Maatschappelijk;functie);Hulpverlening;GGZ vacatures;Vacatures GGZ inGeest;Care;(Tijdelijke;GGZ vacatures Amsterdam;Haarlem;Vacatures inGeest;Amsterdam;werker,"Amsterdam, NL",c26fb34467;49532e2f08;f3f420cac2;6e4fab058e;f8316a04dc;b413af696b;c951ed80b6;3d81843324;e70af7affc;c9d3d700fc
8102f48e74,Amsterdam,Klinisch psycholoog FACT,https://werkenbij.ggzingeest.nl/vacatures/klinisch-psycholoog-fact-amstelveen-amstelland/?utm_source=google&utm_medium=cpc&utm_campaign=job_feed,https://images.unsplash.com/photo-1714976694810-85add1a29c96?q=80&w=1200&h=628&auto=format&fit=crop,Psycholoog,Bekijk deze vacature,€7850-€9725,Psycholoog,psycholoog;Werken bij GGZ;Werken bij GGZ Amsterdam;Amstelveen-Amstelland;FACT;Behandelaar;Werken bij GGZ inGeest;Klinisch neuropsycholoog;Basispsycholoog;Werken in de GGZ;Vacatures Amsterdam;GGZ inGeest Amsterdam vacatures;Psychologie;GGZ inGeest vacatures;teams;GGZ;GGZ vacatures;Vacatures GGZ inGeest;Klinisch;Klinisch psycholoog;GZ-psycholoog;GGZ vacatures Amsterdam;Vacatures inGeest;Amsterdam,"Amsterdam, NL",e4e9e84b09;8e40dc1444;3684930501;7cd64f3577;1dab4970ef;37bb8f1621;8dddef43c8;0a145bd45c;8d517e43f7;56f92cccac
9d58365930,Amsterdam,Begl. Amsterdam Kliniek,https://werkenbij.ggzingeest.nl/vacatures/begeleider-amsterdam-kliniek-high-intensive-care-1/?utm_source=google&utm_medium=cpc&utm_campaign=job_feed,https://images.unsplash.com/photo-1663780887563-bfe3b3550de1?q=80&w=1200&h=628&auto=format&fit=crop,Begeleider,Bekijk deze vacature,€2888-€4273,Begeleider,Werken bij GGZ;Werken bij GGZ Amsterdam;Kliniek;Werken bij GGZ inGeest;Activiteitenbegeleider;Begeleider;Werken in de GGZ;Persoonlijk begeleider;Vacatures Amsterdam;GGZ inGeest Amsterdam vacatures;Ambulante begeleiding;High;Welzijn;GGZ inGeest vacatures;Ambulant begeleider;GGZ vacatures;Vacatures GGZ inGeest;Maatschappelijke zorg;Care;HBO;Intensive;Begeleider niveau 4;Begeleider Amsterdam;GGZ vacatures Amsterdam;MBO,"Amsterdam, NL",93c4782938;8c6abc8b08;ae461f709a;a488a1acc7;750d0685da;a9eac2ea28;94d3a70b91;d528010fea;d173df3d31
f28ddeb7e4,Amsterdam,VS Polikliniek Angst,https://werkenbij.ggzingeest.nl/vacatures/verpleegkundig-specialist-polikliniek-angst-en-depressie-haarlem/?utm_source=google&utm_medium=cpc&utm_campaign=job_feed,https://images.unsplash.com/photo-1714976694810-85add1a29c96?q=80&w=1200&h=628&auto=format&fit=crop,Specialist,Bekijk deze vacature,€5645-€6918,Specialist,Werken bij GGZ;Zorgprofessional;Werken bij GGZ Amsterdam;Polikliniek;depressie;Behandelaar;Werken bij GGZ inGeest;Werken in de GGZ;Vacatures Amsterdam;GGZ inGeest Amsterdam vacatures;Verpleegkundig;GGZ inGeest vacatures;Expertise;GGZ vacatures;Vacatures GGZ inGeest;GGZ vacatures Amsterdam;Haarlem;Specialist;Angst;Vacatures inGeest;Amsterdam;Specialisme,"Amsterdam, NL",a02de2e7e9;39b3e7e848;6efd48beee;529a0233d2;772bd2c0bc;66efc58783;f10ed7f088;796ae11221;54ed07e1a9;38e54daab6
7cd64f3577,Amsterdam,GZ-psycholoog Mindway,https://werkenbij.ggzingeest.nl/vacatures/gz-psycholoog-mindway-amsterdam/?utm_source=google&utm_medium=cpc&utm_campaign=job_feed,https://images.unsplash.com/photo-1714976694810-85add1a29c96?q=80&w=1200&h=628&auto=format&fit=crop,Psycholoog,Bekijk deze vacature,€5988-€6918,Psycholoog,Werken bij GGZ;Werken bij GGZ Amsterdam;Behandelaar;Werken bij GGZ inGeest;Klinisch neuropsycholoog;Basispsycholoog;Werken in de GGZ;Vacatures Amsterdam;GGZ inGeest Amsterdam vacatures;Psychologie;GGZ inGeest vacatures;GGZ;GGZ vacatures;Vacatures GGZ inGeest;Klinisch psycholoog;Mindway;GZ-psycholoog;GGZ vacatures Amsterdam;Vacatures inGeest;Amsterdam,"Amsterdam, NL",e4e9e84b09;8e40dc1444;3684930501;8102f48e74;1dab4970ef;37bb8f1621;8dddef43c8;0a145bd45c;8d517e43f7;56f92cccac
a488a1acc7,Amsterdam,Trajectbegeleider FACT,https://werkenbij.ggzingeest.nl/vacatures/trajectbegeleider-fact-ouderen-amstelveen/?utm_source=google&utm_medium=cpc&utm_campaign=job_feed,https://images.unsplash.com/photo-1663780887563-bfe3b3550de1?q=80&w=1200&h=628&auto=format&fit=crop,Begeleider,Bekijk deze vacature,€3560-€4716,Begeleider,Werken bij GGZ;Werken bij GGZ Amsterdam;FACT;Werken bij GGZ inGeest;Activiteitenbegeleider;Werken in de GGZ;Persoonlijk begeleider;Vacatures Amsterdam;GGZ inGeest Amsterdam vacatures;Ambulante begeleiding;Ouderen;Welzijn;GGZ inGeest vacatures;Ambulant begeleider;Amstelveen;GGZ vacatures;Vacatures GGZ inGeest;Maatschappelijke zorg;HBO;Trajectbegeleider;Begeleider niveau 4;Begeleider Amsterdam;GGZ vacatures Amsterdam;MBO;Vacatures inGeest,"Amsterdam, NL",93c4782938;8c6abc8b08;ae461f709a;9d58365930;750d0685da;a9eac2ea28;94d3a70b91;d528010fea;d173df3d31
262240f37d,Amsterdam,Project Controller,https://werkenbij.ggzingeest.nl/vacatures/project-controller/?utm_source=google&utm_medium=cpc&utm_campaign=job_feed,https://plus.unsplash.com/premium_photo-1731540602286-05ebb2078c83?q=80&w=1200&h=628&auto=format&fit=crop,Zorg,Bekijk deze vacature,€4000-€5294,Zorg,Werken bij GGZ;Werken bij GGZ Amsterdam;Jeugdpsychiatrie;Werken bij GGZ inGeest;Werken in de GGZ;Gezondheidszorg;Vacatures Amsterdam;GGZ inGeest Amsterdam vacatures;Welzijn;GGZ inGeest vacatures;Project;Controller;Jeugd GGZ;Hulpverlening;GGZ vacatures;Vacatures GGZ inGeest;GGZ vacatures Amsterdam;Vacatures inGeest;Amsterdam,"Amsterdam, NL",c26fb34467;49532e2f08;f3f420cac2;6e4fab058e;f8316a04dc;b413af696b;c951ed80b6;3d81843324;e70af7affc;c9d3d700fc
a9be3c0e98,Amsterdam,Opleidingsplaats,https://werkenbij.ggzingeest.nl/vacatures/opleidingsplaats-verpleegkundige-niveau-4-duaal-verkort-1/?utm_source=google&utm_medium=cpc&utm_campaign=job_feed,https://images.unsplash.com/photo-1631217868264-e5b90bb7e133?q=80&w=1200&h=628&auto=format&fit=crop,Verpleegkundige,Bekijk deze vacature,,Verpleegkundige,Werken bij GGZ;Werken bij GGZ Amsterdam;Werken bij GGZ inGeest;HBO verpleegkundige;BIG;Werken in de GGZ;Leerling verpleegkundige;Vacatures Amsterdam;GGZ inGeest Amsterdam vacatures;verkort;GGZ inGeest vacatures;verpleegkundige;Verpleging;Vacatures inGeest;GGZ vacatures;Vacatures GGZ inGeest;Ziekenhuis;duaal;niveau;GGZ vacatures Amsterdam;Opleidingsplaats;Ambulant verpleegkundige;GGZ verpleegkundige;Amsterdam;Zorg,"Amsterdam, NL",d1b185c01d;215545cf9a;925a7c396a;e806f18930;d256b4b5fa;bf408333f6;433175e3de;a467e94ddd;ff5f5a85ec;59473f96a8
337ebe3167,Amsterdam,Afdelingsmanager SEH,https://werkenbij.ggzingeest.nl/vacatures/afdelingsmanager-spoedeisende-psychiatrie-kennemerland-intensive-home-treatment/?utm_source=google&utm_medium=cpc&utm_campaign=job_feed,https://plus.unsplash.com/premium_photo-1731540602286-05ebb2078c83?q=80&w=1200&h=628&auto=format&fit=crop,Zorg,Bekijk deze vacature,€5294-€6918,Zorg,Werken bij GGZ;Werken bij GGZ Amsterdam;Jeugdpsychiatrie;Treatment;Werken bij GGZ inGeest;Home;Werken in de GGZ;Gezondheidszorg;Vacatures Amsterdam;GGZ inGeest Amsterdam vacatures;Kennemerland;Welzijn;Psychiatrie;GGZ inGeest vacatures;Jeugd GGZ;Hulpverlening;Afdelingsmanager;GGZ vacatures;Vacatures GGZ inGeest;Intensive;GGZ vacatures Amsterdam;Spoedeisende;Vacatures inGeest;Amsterdam,"Amsterdam, NL",c26fb34467;49532e2f08;f3f420cac2;6e4fab058e;f8316a04dc;b413af696b;c951ed80b6;3d81843324;e70af7affc;c9d3d700fc
48d195df1d,Amsterdam,Basisarts Westerpoort,https://werkenbij.ggzingeest.nl/vacatures/basisarts-westerpoort/?utm_source=google&utm_medium=cpc&utm_campaign=job_feed,https://images.unsplash.com/photo-1631217871099-88310a909a32?q=80&w=1200&h=628&auto=format&fit=crop,Arts,Bekijk deze vacature,€5294-€6918,Arts,Werken bij GGZ;Werken bij GGZ Amsterdam;Werken bij GGZ inGeest;Werken in de GGZ;Vacatures Amsterdam;GGZ inGeest Amsterdam vacatures;GGZ inGeest vacatures;Geneeskunde;GGZ vacatures;Vacatures GGZ inGeest;Westerpoort;ANIOS psychiatrie;GGZ vacatures Amsterdam;Opleidingsplaats;Specialist;Basisarts;Vacatures inGeest;Amsterdam;Medisch;Zorg,"Amsterdam, NL",acbc5d8d44;2297acb2f8;476a48333d;02cb14a94d;d4299f1420;334b3b0237;5993182648;a1332e5c8b;db0245e01c
e887201ce4,Amsterdam,Stage HBO Social Work,https://werkenbij.ggzingeest.nl/vacatures/stage-hbo-social-work/?utm_source=google&utm_medium=cpc&utm_campaign=job_feed,https://plus.unsplash.com/premium_photo-1731540602286-05ebb2078c83?q=80&w=1200&h=628&auto=format&fit=crop,Zorg,Bekijk deze vacature,€234-€527,Zorg,Werken bij GGZ;Werken bij GGZ Amsterdam;Jeugdpsychiatrie;Werken bij GGZ inGeest;Werken in de GGZ;Gezondheidszorg;Vacatures Amsterdam;Social;GGZ inGeest Amsterdam vacatures;Work;Welzijn;GGZ inGeest vacatures;Stage;Jeugd GGZ;Hulpverlening;GGZ vacatures;Vacatures GGZ inGeest;GGZ vacatures Amsterdam;Vacatures inGeest;Amsterdam,"Amsterdam, NL",c26fb34467;49532e2f08;f3f420cac2;6e4fab058e;f8316a04dc;b413af696b;c951ed80b6;3d81843324;e70af7affc;c9d3d700fc
1dab4970ef,Amsterdam,Klinisch psycholoog,https://werkenbij.ggzingeest.nl/vacatures/klinisch-psycholoog-psychotherapeut-mbt-team-hoofdorp/?utm_source=google&utm_medium=cpc&utm_campaign=job_feed,https://images.unsplash.com/photo-1714976694810-85add1a29c96?q=80&w=1200&h=628&auto=format&fit=crop,Psycholoog,Bekijk deze vacature,€24-€36,Psycholoog,psycholoog;Werken bij GGZ;Werken bij GGZ Amsterdam;Behandelaar;Werken bij GGZ inGeest;Klinisch neuropsycholoog;Basispsycholoog;Werken in de GGZ;Vacatures Amsterdam;GGZ inGeest Amsterdam vacatures;MBT-team;Psychologie;GGZ inGeest vacatures;GGZ;Hoofdorp;GGZ vacatures;Vacatures GGZ inGeest;Klinisch;psychotherapeut;Klinisch psycholoog;GZ-psycholoog;GGZ vacatures Amsterdam;Vacatures inGeest;Amsterdam,"Amsterdam, NL",e4e9e84b09;8e40dc1444;3684930501;8102f48e74;7cd64f3577;37bb8f1621;8dddef43c8;0a145bd45c;8d517e43f7;56f92cccac
796ae11221,Amsterdam,Flexibele,https://werkenbij.ggzingeest.nl/vacatures/flexibele-verpleegkundig-specialist-fact/?utm_source=google&utm_medium=cpc&utm_campaign=job_feed,https://images.unsplash.com/photo-1714976694810-85add1a29c96?q=80&w=1200&h=628&auto=format&fit=crop,Specialist,Bekijk deze vacature,€5645-€6918,Specialist,Werken bij GGZ;Zorgprofessional;Werken bij GGZ Amsterdam;FACT;Behandelaar;Werken bij GGZ inGeest;Werken in de GGZ;Vacatures Amsterdam;GGZ inGeest Amsterdam vacatures;Verpleegkundig;Flexibele;GGZ inGeest vacatures;Expertise;GGZ vacatures;Vacatures GGZ inGeest;specialist;GGZ vacatures Amsterdam;Vacatures inGeest;Amsterdam;Specialisme,"Amsterdam, NL",a02de2e7e9;39b3e7e848;6efd48beee;529a0233d2;772bd2c0bc;66efc58783;f10ed7f088;f28ddeb7e4;54ed07e1a9;38e54daab6
16619dd8e6,Amsterdam,Nachtverpleegkundige,https://werkenbij.ggzingeest.nl/vacatures/nachtverpleegkundige-vig-of-begeleider-vervolgkliniek/?utm_source=google&utm_medium=cpc&utm_campaign=job_feed,https://images.unsplash.com/photo-1631217868264-e5b90bb7e133?q=80&w=1200&h=628&auto=format&fit=crop,Verpleegkundige,Bekijk deze vacature,€2735-€4716,Verpleegkundige,Werken bij GGZ;Werken bij GGZ Amsterdam;VIG-;Werken bij GGZ inGeest;HBO verpleegkundige;Nachtverpleegkundige;BIG;Werken in de GGZ;Leerling verpleegkundige;Begeleider;Vacatures Amsterdam;GGZ inGeest Amsterdam vacatures;GGZ inGeest vacatures;Verpleging;Vacatures inGeest;GGZ vacatures;Vacatures GGZ inGeest;Ziekenhuis;Vervolgkliniek;GGZ vacatures Amsterdam;Ambulant verpleegkundige;GGZ verpleegkundige;Amsterdam;Zorg,"Amsterdam, NL",d1b185c01d;215545cf9a;925a7c396a;e806f18930;d256b4b5fa;bf408333f6;433175e3de;a467e94ddd;ff5f5a85ec;59473f96a8
37bb8f1621,Amsterdam,GZ Psycholoog,https://werkenbij.ggzingeest.nl/vacatures/gz-psycholoog-vervolgkliniek/?utm_source=google&utm_medium=cpc&utm_campaign=job_feed,https://images.unsplash.com/photo-1714976694810-85add1a29c96?q=80&w=1200&h=628&auto=format&fit=crop,Psycholoog,Bekijk deze vacature,€5988-€6918,Psycholoog,Werken bij GGZ;Werken bij GGZ Amsterdam;Behandelaar;Werken bij GGZ inGeest;Klinisch neuropsycholoog;Basispsycholoog;Werken in de GGZ;Vacatures Amsterdam;GGZ inGeest Amsterdam vacatures;Psychologie;GGZ inGeest vacatures;Psycholoog;GGZ;GGZ vacatures;Vacatures GGZ inGeest;Klinisch psycholoog;Vervolgkliniek;GZ-psycholoog;GGZ vacatures Amsterdam;Vacatures inGeest;Amsterdam,"Amsterdam, NL",e4e9e84b09;8e40dc1444;3684930501;8102f48e74;7cd64f3577;1dab4970ef;8dddef43c8;0a145bd45c;8d517e43f7;56f92cccac
b63f958c55,Amsterdam,Vpl. Kliniek HIC,https://werkenbij.ggzingeest.nl/vacatures/verpleegkundige-kliniek-high-intensive-care-amsterdam/?utm_source=google&utm_medium=cpc&utm_campaign=job_feed,https://images.unsplash.com/photo-1631217868264-e5b90bb7e133?q=80&w=1200&h=628&auto=format&fit=crop,Verpleegkundige,Bekijk deze vacature,€3180-€4716,Verpleegkundige,Werken bij GGZ;Werken bij GGZ Amsterdam;Kliniek;Werken bij GGZ inGeest;HBO verpleegkundige;BIG;Werken in de GGZ;Leerling verpleegkundige;Vacatures Amsterdam;GGZ inGeest Amsterdam vacatures;High;GGZ inGeest vacatures;Verpleging;Vacatures inGeest;GGZ vacatures;Vacatures GGZ inGeest;Verpleegkundige;Ziekenhuis;Care;Intensive;GGZ vacatures Amsterdam;Ambulant verpleegkundige;GGZ verpleegkundige;Amsterdam;Zorg,"Amsterdam, NL",d1b185c01d;215545cf9a;925a7c396a;e806f18930;d256b4b5fa;bf408333f6;433175e3de;a467e94ddd;ff5f5a85ec;59473f96a8
750d0685da,Amsterdam,Woonbegeleider,https://werkenbij.ggzingeest.nl/vacatures/woonbegeleider-besloten-wonen-nieuwe-afdeling-westerpoort/?utm_source=google&utm_medium=cpc&utm_campaign=job_feed,https://images.unsplash.com/photo-1663780887563-bfe3b3550de1?q=80&w=1200&h=628&auto=format&fit=crop,Begeleider,Bekijk deze vacature,€2888-€4273,Begeleider,Werken bij GGZ;Werken bij GGZ Amsterdam;wonen;Werken bij GGZ inGeest;Activiteitenbegeleider;Werken in de GGZ;Persoonlijk begeleider;Vacatures Amsterdam;GGZ inGeest Amsterdam vacatures;Ambulante begeleiding;Welzijn;nieuwe;GGZ inGeest vacatures;Ambulant begeleider;Besloten;afdeling;GGZ vacatures;Vacatures GGZ inGeest;Maatschappelijke zorg;HBO;Woonbegeleider;Begeleider niveau 4;Begeleider Amsterdam;GGZ vacatures Amsterdam;MBO,"Amsterdam, NL",93c4782938;8c6abc8b08;ae461f709a;9d58365930;a488a1acc7;a9eac2ea28;94d3a70b91;d528010fea;d173df3d31
5674493f71,Amsterdam,Vpl. Triagist SEH,https://werkenbij.ggzingeest.nl/vacatures/verpleegkundige-triagist-spoedeisende-psychiatrie-kennemerland-2/?utm_source=google&utm_medium=cpc&utm_campaign=job_feed,https://images.unsplash.com/photo-1631217868264-e5b90bb7e133?q=80&w=1200&h=628&auto=format&fit=crop,Verpleegkundige,Bekijk deze vacature,€4000-€5294,Verpleegkundige,Werken bij GGZ;Werken bij GGZ Amsterdam;Werken bij GGZ inGeest;HBO verpleegkundige;BIG;Werken in de GGZ;Leerling verpleegkundige;Vacatures Amsterdam;GGZ inGeest Amsterdam vacatures;Kennemerland;Psychiatrie;GGZ inGeest vacatures;Triagist;Verpleging;Vacatures inGeest;GGZ vacatures;Vacatures GGZ inGeest;Verpleegkundige;Ziekenhuis;GGZ vacatures Amsterdam;Ambulant verpleegkundige;Spoedeisende;GGZ verpleegkundige;Amsterdam;Zorg,"Amsterdam, NL",d1b185c01d;215545cf9a;925a7c396a;e806f18930;d256b4b5fa;bf408333f6;433175e3de;a467e94ddd;ff5f5a85ec;59473f96a8
68f4f3ab52,Amsterdam,Stage MBO Sociaal Werker,https://werkenbij.ggzingeest.nl/vacatures/stage-mbo-sociaal-werker/?utm_source=google&utm_medium=cpc&utm_campaign=job_feed,https://plus.unsplash.com/premium_photo-1731540602286-05ebb2078c83?q=80&w=1200&h=628&auto=format&fit=crop,Zorg,Bekijk deze vacature,€234-€527,Zorg,Werken bij GGZ;Werken bij GGZ Amsterdam;Jeugdpsychiatrie;Werken bij GGZ inGeest;Werken in de GGZ;Gezondheidszorg;Vacatures Amsterdam;GGZ inGeest Amsterdam vacatures;Welzijn;GGZ inGeest vacatures;Stage;Jeugd GGZ;Hulpverlening;GGZ vacatures;Vacatures GGZ inGeest;Sociaal;GGZ vacatures Amsterdam;Werker;Vacatures inGeest;Amsterdam,"Amsterdam, NL",c26fb34467;49532e2f08;f3f420cac2;6e4fab058e;f8316a04dc;b413af696b;c951ed80b6;3d81843324;e70af7affc;c9d3d700fc
95335a4e34,Amsterdam,Teamcoördinator Gesloten,https://werkenbij.ggzingeest.nl/vacatures/teamcoordinator-gesloten-kliniek-westerpoort/?utm_source=google&utm_medium=cpc&utm_campaign=job_feed,https://plus.unsplash.com/premium_photo-1731540602286-05ebb2078c83?q=80&w=1200&h=628&auto=format&fit=crop,Zorg,Bekijk deze vacature,€4000-€5294,Zorg,Werken bij GGZ;Werken bij GGZ Amsterdam;Kliniek;Jeugdpsychiatrie;Teamcoördinator;Werken bij GGZ inGeest;Werken in de GGZ;Gezondheidszorg;Vacatures Amsterdam;GGZ inGeest Amsterdam vacatures;Gesloten;Welzijn;GGZ inGeest vacatures;Jeugd GGZ;Hulpverlening;GGZ vacatures;Vacatures GGZ inGeest;GGZ vacatures Amsterdam;Vacatures inGeest;Amsterdam;Westerpoort,"Amsterdam, NL",c26fb34467;49532e2f08;f3f420cac2;6e4fab058e;f8316a04dc;b413af696b;c951ed80b6;3d81843324;e70af7affc;c9d3d700fc
54ed07e1a9,Amsterdam,VS HoPE Amstelveen,https://werkenbij.ggzingeest.nl/vacatures/verpleegkundig-specialist-hope-amstelveen/?utm_source=google&utm_medium=cpc&utm_campaign=job_feed,https://images.unsplash.com/photo-1714976694810-85add1a29c96?q=80&w=1200&h=628&auto=format&fit=crop,Specialist,Bekijk deze vacature,€5645-€6918,Specialist,Werken bij GGZ;Zorgprofessional;Werken bij GGZ Amsterdam;Behandelaar;Werken bij GGZ inGeest;Werken in de GGZ;Vacatures Amsterdam;GGZ inGeest Amsterdam vacatures;Verpleegkundig;GGZ inGeest vacatures;Expertise;Amstelveen;HoPE;GGZ vacatures;Vacatures GGZ inGeest;GGZ vacatures Amsterdam;Specialist;Vacatures inGeest;Amsterdam;Specialisme,"Amsterdam, NL",a02de2e7e9;39b3e7e848;6efd48beee;529a0233d2;772bd2c0bc;66efc58783;f10ed7f088;f28ddeb7e4;796ae11221;38e54daab6
db1d389301,Amsterdam,Vpl. kliniek ouderen,https://werkenbij.ggzingeest.nl/vacatures/verpleegkundige-kliniek-ouderen-haarlem-1/?utm_source=google&utm_medium=cpc&utm_campaign=job_feed,https://images.unsplash.com/photo-1631217868264-e5b90bb7e133?q=80&w=1200&h=628&auto=format&fit=crop,Verpleegkundige,Bekijk deze vacature,€2888-€4716,Verpleegkundige,Werken bij GGZ;Werken bij GGZ Amsterdam;Werken bij GGZ inGeest;HBO verpleegkundige;BIG;Werken in de GGZ;Leerling verpleegkundige;Vacatures Amsterdam;kliniek;GGZ inGeest Amsterdam vacatures;GGZ inGeest vacatures;ouderen;Verpleging;Vacatures inGeest;GGZ vacatures;Vacatures GGZ inGeest;Verpleegkundige;Ziekenhuis;GGZ vacatures Amsterdam;Haarlem;Ambulant verpleegkundige;GGZ verpleegkundige;Amsterdam;Zorg,"Amsterdam, NL",d1b185c01d;215545cf9a;925a7c396a;e806f18930;d256b4b5fa;bf408333f6;433175e3de;a467e94ddd;ff5f5a85ec;59473f96a8
38e54daab6,Amsterdam,Applicatiespecialist,https://werkenbij.ggzingeest.nl/vacatures/applicatiespecialist-change-en-releasemanager-amsterdam/?utm_source=google&utm_medium=cpc&utm_campaign=job_feed,https://images.unsplash.com/photo-1714976694810-85add1a29c96?q=80&w=1200&h=628&auto=format&fit=crop,Specialist,Bekijk deze vacature,€3560-€4716,Specialist,Werken bij GGZ;Zorgprofessional;Werken bij GGZ Amsterdam;Behandelaar;Werken bij GGZ inGeest;Werken in de GGZ;Vacatures Amsterdam;GGZ inGeest Amsterdam vacatures;GGZ inGeest vacatures;(Change-;Releasemanager);Expertise;GGZ vacatures;Vacatures GGZ inGeest;Applicatiespecialist;GGZ vacatures Amsterdam;Vacatures inGeest;Amsterdam;Specialisme,"Amsterdam, NL",a02de2e7e9;39b3e7e848;6efd48beee;529a0233d2;772bd2c0bc;66efc58783;f10ed7f088;f28ddeb7e4;796ae11221;54ed07e1a9
8dddef43c8,Amsterdam,GZ-psycholoog SPAA,https://werkenbij.ggzingeest.nl/vacatures/gz-psycholoog-spaa-zwangerschapsvervanging/?utm_source=google&utm_medium=cpc&utm_campaign=job_feed,https://images.unsplash.com/photo-1714976694810-85add1a29c96?q=80&w=1200&h=628&auto=format&fit=crop,Psycholoog,Bekijk deze vacature,€5294-€6918,Psycholoog,Werken bij GGZ;Werken bij GGZ Amsterdam;Behandelaar;Werken bij GGZ inGeest;Klinisch neuropsycholoog;Basispsycholoog;Werken in de GGZ;Vacatures Amsterdam;GGZ inGeest Amsterdam vacatures;Psychologie;GGZ inGeest vacatures;GGZ;SPAA;(Zwangerschapsvervanging);GGZ vacatures;Vacatures GGZ inGeest;Klinisch psycholoog;GZ-psycholoog;GGZ vacatures Amsterdam;Vacatures inGeest;Amsterdam,"Amsterdam, NL",e4e9e84b09;8e40dc1444;3684930501;8102f48e74;7cd64f3577;1dab4970ef;37bb8f1621;0a145bd45c;8d517e43f7;56f92cccac
f635073eae,Amsterdam,Adviseur Zorglogistiek,https://werkenbij.ggzingeest.nl/vacatures/adviseur-zorglogistiek-en-zorgbemiddeling-1/?utm_source=google&utm_medium=cpc&utm_campaign=job_feed,https://plus.unsplash.com/premium_photo-1731540602286-05ebb2078c83?q=80&w=1200&h=628&auto=format&fit=crop,Zorg,Bekijk deze vacature,€4000-€5294,Zorg,Werken bij GGZ;Werken bij GGZ Amsterdam;Jeugdpsychiatrie;Werken bij GGZ inGeest;Adviseur;Werken in de GGZ;Gezondheidszorg;Vacatures Amsterdam;GGZ inGeest Amsterdam vacatures;Welzijn;GGZ inGeest vacatures;Zorgbemiddeling;Jeugd GGZ;Hulpverlening;GGZ vacatures;Vacatures GGZ inGeest;Zorglogistiek;GGZ vacatures Amsterdam;Vacatures inGeest;Amsterdam,"Amsterdam, NL",c26fb34467;49532e2f08;f3f420cac2;6e4fab058e;f8316a04dc;b413af696b;c951ed80b6;3d81843324;e70af7affc;c9d3d700fc
334b3b0237,Amsterdam,Basisarts FACT,https://werkenbij.ggzingeest.nl/vacatures/basisarts-fact-slotervaart-5/?utm_source=google&utm_medium=cpc&utm_campaign=job_feed,https://images.unsplash.com/photo-1631217871099-88310a909a32?q=80&w=1200&h=628&auto=format&fit=crop,Arts,Bekijk deze vacature,€5294-€6918,Arts,Werken bij GGZ;Werken bij GGZ Amsterdam;FACT;Werken bij GGZ inGeest;Werken in de GGZ;Vacatures Amsterdam;GGZ inGeest Amsterdam vacatures;Slotervaart;GGZ inGeest vacatures;Geneeskunde;GGZ vacatures;Vacatures GGZ inGeest;ANIOS psychiatrie;GGZ vacatures Amsterdam;Opleidingsplaats;Specialist;Basisarts;Vacatures inGeest;Amsterdam;Medisch;Zorg,"Amsterdam, NL",acbc5d8d44;2297acb2f8;476a48333d;02cb14a94d;d4299f1420;48d195df1d;5993182648;a1332e5c8b;db0245e01c
8ea6722a8a,Amsterdam,Vpl. kliniek ouderen,https://werkenbij.ggzingeest.nl/vacatures/verpleegkundige-kliniek-ouderen-open-amsterdam/?utm_source=google&utm_medium=cpc&utm_campaign=job_feed,https://images.unsplash.com/photo-1631217868264-e5b90bb7e133?q=80&w=1200&h=628&auto=format&fit=crop,Verpleegkundige,Bekijk deze vacature,€3180-€4716,Verpleegkundige,Werken bij GGZ;Werken bij GGZ Amsterdam;Werken bij GGZ inGeest;HBO verpleegkundige;open;BIG;Werken in de GGZ;Leerling verpleegkundige;Vacatures Amsterdam;kliniek;GGZ inGeest Amsterdam vacatures;GGZ inGeest vacatures;ouderen;Verpleging;Vacatures inGeest;GGZ vacatures;Vacatures GGZ inGeest;Verpleegkundige;Ziekenhuis;GGZ vacatures Amsterdam;Ambulant verpleegkundige;GGZ verpleegkundige;Amsterdam;Zorg,"Amsterdam, NL",d1b185c01d;215545cf9a;925a7c396a;e806f18930;d256b4b5fa;bf408333f6;433175e3de;a467e94ddd;ff5f5a85ec;59473f96a8
f23c406ed7,Amsterdam,Medw. HR Servicecentrum,https://werkenbij.ggzingeest.nl/vacatures/medewerker-hr-servicecentrum-2/?utm_source=google&utm_medium=cpc&utm_campaign=job_feed,https://plus.unsplash.com/premium_photo-1731540602286-05ebb2078c83?q=80&w=1200&h=628&auto=format&fit=crop,Zorg,Bekijk deze vacature,€3180-€4273,Zorg,Werken bij GGZ;Werken bij GGZ Amsterdam;Jeugdpsychiatrie;Werken bij GGZ inGeest;Servicecentrum;Werken in de GGZ;Gezondheidszorg;Vacatures Amsterdam;GGZ inGeest Amsterdam vacatures;Welzijn;GGZ inGeest vacatures;Medewerker;Jeugd GGZ;Hulpverlening;GGZ vacatures;Vacatures GGZ inGeest;GGZ vacatures Amsterdam;Vacatures inGeest;Amsterdam,"Amsterdam, NL",c26fb34467;49532e2f08;f3f420cac2;6e4fab058e;f8316a04dc;b413af696b;c951ed80b6;3d81843324;e70af7affc;c9d3d700fc
eb756b6fb8,Amsterdam,Vpl. Neuromodulatie,https://werkenbij.ggzingeest.nl/vacatures/verpleegkundige-neuromodulatie-amsterdam/?utm_source=google&utm_medium=cpc&utm_campaign=job_feed,https://images.unsplash.com/photo-1631217868264-e5b90bb7e133?q=80&w=1200&h=628&auto=format&fit=crop,Verpleegkundige,Bekijk deze vacature,€3560-€4716,Verpleegkundige,Werken bij GGZ;Werken bij GGZ Amsterdam;Neuromodulatie;Werken bij GGZ inGeest;HBO verpleegkundige;BIG;Werken in de GGZ;Leerling verpleegkundige;Vacatures Amsterdam;GGZ inGeest Amsterdam vacatures;GGZ inGeest vacatures;Verpleging;Vacatures inGeest;GGZ vacatures;Vacatures GGZ inGeest;Verpleegkundige;Ziekenhuis;GGZ vacatures Amsterdam;Ambulant verpleegkundige;GGZ verpleegkundige;Amsterdam;Zorg,"Amsterdam, NL",d1b185c01d;215545cf9a;925a7c396a;e806f18930;d256b4b5fa;bf408333f6;433175e3de;a467e94ddd;ff5f5a85ec;59473f96a8
5993182648,Amsterdam,Basisarts Oud. Open,https://werkenbij.ggzingeest.nl/vacatures/basisarts-ouderen-open-amsterdam/?utm_source=google&utm_medium=cpc&utm_campaign=job_feed,https://images.unsplash.com/photo-1631217871099-88310a909a32?q=80&w=1200&h=628&auto=format&fit=crop,Arts,Bekijk deze vacature,€5294-€6918,Arts,Werken bij GGZ;Werken bij GGZ Amsterdam;Open;Werken bij GGZ inGeest;Werken in de GGZ;Vacatures Amsterdam;GGZ inGeest Amsterdam vacatures;Ouderen;GGZ inGeest vacatures;Geneeskunde;GGZ vacatures;Vacatures GGZ inGeest;ANIOS psychiatrie;GGZ vacatures Amsterdam;Opleidingsplaats;Specialist;Basisarts;Vacatures inGeest;Amsterdam;Medisch;Zorg,"Amsterdam, NL",acbc5d8d44;2297acb2f8;476a48333d;02cb14a94d;d4299f1420;48d195df1d;334b3b0237;a1332e5c8b;db0245e01c
05ae157cb4,Amsterdam,Psych. Kliniek HIC,https://werkenbij.ggzingeest.nl/vacatures/psychiater-kliniek-high-intensive-care-haarlem/?utm_source=google&utm_medium=cpc&utm_campaign=job_feed,https://images.unsplash.com/photo-1714976694810-85add1a29c96?q=80&w=1200&h=628&auto=format&fit=crop,Psychiater,Bekijk deze vacature,€11292,Psychiater,Werken bij GGZ;Medisch specialist;Werken bij GGZ Amsterdam;Kliniek;Werken bij GGZ inGeest;Psychiater vacature;BIG;Werken in de GGZ;Vacatures Amsterdam;GGZ inGeest Amsterdam vacatures;High;Psychiatrie;GGZ inGeest vacatures;GGZ Amsterdam;Psychiater;GGZ vacatures;Vacatures GGZ inGeest;Care;Intensive;Arts;GGZ vacatures Amsterdam;Haarlem;Vacatures inGeest;Amsterdam;Zorg,"Amsterdam, NL",7af51282b9;2fa483448c;d18ceac5ce;3bd9db5fbe;f2fbd0ea11;cf53e38c02;803a14573e;3bd14dc89e;706aa4a8a6
3e1bf8d4bd,Amsterdam,Casemanager FACT GGZ,https://werkenbij.ggzingeest.nl/vacatures/casemanager-fact-ggz-ingeest/?utm_source=google&utm_medium=cpc&utm_campaign=job_feed,https://images.unsplash.com/photo-1758611971095-87f590f8c4ed?q=80&w=1200&h=628&auto=format&fit=crop,Casemanager,Bekijk deze vacature,€4000-€5294,Casemanager,Werken bij GGZ;Werken bij GGZ Amsterdam;FACT;Werken bij GGZ inGeest;Werken in de GGZ;Vacatures Amsterdam;inGeest;GGZ inGeest Amsterdam vacatures;Casemanager GGZ;GGZ inGeest vacatures;Casemanager;Vacatures inGeest;GGZ vacatures;Zorgcoördinatie;Vacatures GGZ inGeest;GGZ vacatures Amsterdam;Ambulante zorg;Casemanager Amsterdam;Regiebehandelaar;Amsterdam,"Amsterdam, NL",10348e7523;1c060d4eb9;161162f937;7b809c5ef6
179ba7ae2f,Amsterdam,Stage HBO-verpleegkunde,https://werkenbij.ggzingeest.nl/vacatures/stage-hbo-verpleegkunde/?utm_source=google&utm_medium=cpc&utm_campaign=job_feed,https://plus.unsplash.com/premium_photo-1731540602286-05ebb2078c83?q=80&w=1200&h=628&auto=format&fit=crop,Zorg,Bekijk deze vacature,€234-€527,Zorg,Werken bij GGZ;Werken bij GGZ Amsterdam;Jeugdpsychiatrie;Werken bij GGZ inGeest;HBO-verpleegkunde;Werken in de GGZ;Gezondheidszorg;Vacatures Amsterdam;GGZ inGeest Amsterdam vacatures;Welzijn;GGZ inGeest vacatures;Stage;Jeugd GGZ;Hulpverlening;GGZ vacatures;Vacatures GGZ inGeest;GGZ vacatures Amsterdam;Vacatures inGeest;Amsterdam,"Amsterdam, NL",c26fb34467;49532e2f08;f3f420cac2;6e4fab058e;f8316a04dc;b413af696b;c951ed80b6;3d81843324;e70af7affc;c9d3d700fc
0a145bd45c,Amsterdam,KP Polikliniek Angst,https://werkenbij.ggzingeest.nl/vacatures/klinisch-psycholoog-polikliniek-angst-en-depressie-haarlem/?utm_source=google&utm_medium=cpc&utm_campaign=job_feed,https://images.unsplash.com/photo-1714976694810-85add1a29c96?q=80&w=1200&h=628&auto=format&fit=crop,Psycholoog,Bekijk deze vacature,€7850-€9725,Psycholoog,Werken bij GGZ;Werken bij GGZ Amsterdam;Polikliniek;Behandelaar;Werken bij GGZ inGeest;Klinisch neuropsycholoog;Basispsycholoog;Werken in de GGZ;Vacatures Amsterdam;GGZ inGeest Amsterdam vacatures;Psychologie;GGZ inGeest vacatures;Psycholoog;GGZ;GGZ vacatures;Vacatures GGZ inGeest;Klinisch;Klinisch psycholoog;GZ-psycholoog;Depressie;GGZ vacatures Amsterdam;Haarlem;Angst;Vacatures inGeest;Amsterdam,"Amsterdam, NL",e4e9e84b09;8e40dc1444;3684930501;8102f48e74;7cd64f3577;1dab4970ef;37bb8f1621;8dddef43c8;8d517e43f7;56f92cccac
897f7be6fe,Amsterdam,Opleiding,https://werkenbij.ggzingeest.nl/vacatures/opleiding-tot-verpleegkundig-specialist-ggz-2-3/?utm_source=google&utm_medium=cpc&utm_campaign=job_feed,https://images.unsplash.com/photo-1714976694810-85add1a29c96?q=80&w=1200&h=628&auto=format&fit=crop,Specialist,Bekijk deze vacature,,Specialist,Werken bij GGZ;Zorgprofessional;Werken bij GGZ Amsterdam;verpleegkundig;Behandelaar;Werken bij GGZ inGeest;Werken in de GGZ;Vacatures Amsterdam;GGZ inGeest Amsterdam vacatures;GGZ inGeest vacatures;Opleiding;Expertise;GGZ vacatures;Vacatures GGZ inGeest;specialist;GGZ vacatures Amsterdam;Vacatures inGeest;Amsterdam;Specialisme,"Amsterdam, NL",a02de2e7e9;39b3e7e848;6efd48beee;529a0233d2;772bd2c0bc;66efc58783;f10ed7f088;f28ddeb7e4;796ae11221;54ed07e1a9
a1332e5c8b,Amsterdam,Basisarts polikliniek,https://werkenbij.ggzingeest.nl/vacatures/basisarts-polikliniek-angst-dwang-amsterdam-tijdelijk/?utm_source=google&utm_medium=cpc&utm_campaign=job_feed,https://images.unsplash.com/photo-1631217871099-88310a909a32?q=80&w=1200&h=628&auto=format&fit=crop,Arts,Bekijk deze vacature,€5294-€6918,Arts,Werken bij GGZ;Werken bij GGZ Amsterdam;polikliniek;(tijdelijk);Werken bij GGZ inGeest;Werken in de GGZ;Vacatures Amsterdam;GGZ inGeest Amsterdam vacatures;GGZ inGeest vacatures;Geneeskunde;GGZ vacatures;Vacatures GGZ inGeest;ANIOS psychiatrie;Dwang;GGZ vacatures Amsterdam;Opleidingsplaats;Specialist;Angst;Basisarts;Vacatures inGeest;Amsterdam;Medisch;Zorg,"Amsterdam, NL",acbc5d8d44;2297acb2f8;476a48333d;02cb14a94d;d4299f1420;48d195df1d;334b3b0237;5993182648;db0245e01c
a9eac2ea28,Amsterdam,Persoonlijk,https://werkenbij.ggzingeest.nl/vacatures/persoonlijk-begeleider-besloten-wonen-nieuwe-afdeling-westerpoort/?utm_source=google&utm_medium=cpc&utm_campaign=job_feed,https://images.unsplash.com/photo-1663780887563-bfe3b3550de1?q=80&w=1200&h=628&auto=format&fit=crop,Begeleider,Bekijk deze vacature,€3180-€4273,Begeleider,Werken bij GGZ;Werken bij GGZ Amsterdam;wonen;Werken bij GGZ inGeest;Activiteitenbegeleider;Werken in de GGZ;begeleider;Persoonlijk begeleider;Vacatures Amsterdam;GGZ inGeest Amsterdam vacatures;Ambulante begeleiding;Welzijn;nieuwe;GGZ inGeest vacatures;Ambulant begeleider;Besloten;afdeling;GGZ vacatures;Vacatures GGZ inGeest;Maatschappelijke zorg;HBO;Persoonlijk;Begeleider niveau 4;Begeleider Amsterdam;GGZ vacatures Amsterdam,"Amsterdam, NL",93c4782938;8c6abc8b08;ae461f709a;9d58365930;a488a1acc7;750d0685da;94d3a70b91;d528010fea;d173df3d31
0ce9f96efb,Amsterdam,Facilitair,https://werkenbij.ggzingeest.nl/vacatures/facilitair-locatiemanager-amsterdam/?utm_source=google&utm_medium=cpc&utm_campaign=job_feed,https://plus.unsplash.com/premium_photo-1731540602286-05ebb2078c83?q=80&w=1200&h=628&auto=format&fit=crop,Zorg,Bekijk deze vacature,€4000-€5294,Zorg,Werken bij GGZ;Werken bij GGZ Amsterdam;Jeugdpsychiatrie;Werken bij GGZ inGeest;Werken in de GGZ;Gezondheidszorg;Vacatures Amsterdam;GGZ inGeest Amsterdam vacatures;Facilitair;Welzijn;GGZ inGeest vacatures;Jeugd GGZ;Hulpverlening;GGZ vacatures;Vacatures GGZ inGeest;Locatiemanager;GGZ vacatures Amsterdam;Vacatures inGeest;Amsterdam,"Amsterdam, NL",c26fb34467;49532e2f08;f3f420cac2;6e4fab058e;f8316a04dc;b413af696b;c951ed80b6;3d81843324;e70af7affc;c9d3d700fc
227d59e1e5,Amsterdam,Begl. verpleegkundige,https://werkenbij.ggzingeest.nl/vacatures/begeleiderverpleegkundige-flexpool-4/?utm_source=google&utm_medium=cpc&utm_campaign=job_feed,https://images.unsplash.com/photo-1631217868264-e5b90bb7e133?q=80&w=1200&h=628&auto=format&fit=crop,Verpleegkundige,Bekijk deze vacature,€2888-€3917,Verpleegkundige,Werken bij GGZ;Werken bij GGZ Amsterdam;Werken bij GGZ inGeest;HBO verpleegkundige;Begeleider verpleegkundige;BIG;Werken in de GGZ;Leerling verpleegkundige;Vacatures Amsterdam;GGZ inGeest Amsterdam vacatures;GGZ inGeest vacatures;flexpool;Verpleging;Vacatures inGeest;GGZ vacatures;Vacatures GGZ inGeest;Ziekenhuis;GGZ vacatures Amsterdam;Ambulant verpleegkundige;GGZ verpleegkundige;Amsterdam;Zorg,"Amsterdam, NL",d1b185c01d;215545cf9a;925a7c396a;e806f18930;d256b4b5fa;bf408333f6;433175e3de;a467e94ddd;ff5f5a85ec;59473f96a8
3ba258840c,Amsterdam,Verpleegkundig,https://werkenbij.ggzingeest.nl/vacatures/verpleegkundig-specialist-ouderen-amsterdam-1/?utm_source=google&utm_medium=cpc&utm_campaign=job_feed,https://images.unsplash.com/photo-1714976694810-85add1a29c96?q=80&w=1200&h=628&auto=format&fit=crop,Specialist,Bekijk deze vacature,€5645-€6918,Specialist,Werken bij GGZ;Zorgprofessional;Werken bij GGZ Amsterdam;Behandelaar;Werken bij GGZ inGeest;Werken in de GGZ;Vacatures Amsterdam;GGZ inGeest Amsterdam vacatures;Verpleegkundig;Ouderen;GGZ inGeest vacatures;Expertise;GGZ vacatures;Vacatures GGZ inGeest;specialist;GGZ vacatures Amsterdam;Vacatures inGeest;Amsterdam;Specialisme,"Amsterdam, NL",a02de2e7e9;39b3e7e848;6efd48beee;529a0233d2;772bd2c0bc;66efc58783;f10ed7f088;f28ddeb7e4;796ae11221;54ed07e1a9
94d3a70b91,Amsterdam,Begl. Vervolgkliniek,https://werkenbij.ggzingeest.nl/vacatures/begeleider-vervolgkliniek-gesloten-1/?utm_source=google&utm_medium=cpc&utm_campaign=job_feed,https://images.unsplash.com/photo-1663780887563-bfe3b3550de1?q=80&w=1200&h=628&auto=format&fit=crop,Begeleider,Bekijk deze vacature,€2589-€4149,Begeleider,Werken bij GGZ;Werken bij GGZ Amsterdam;Werken bij GGZ inGeest;Activiteitenbegeleider;Begeleider;Werken in de GGZ;Persoonlijk begeleider;Vacatures Amsterdam;GGZ inGeest Amsterdam vacatures;Gesloten;Ambulante begeleiding;Welzijn;GGZ inGeest vacatures;Ambulant begeleider;GGZ vacatures;Vacatures GGZ inGeest;Maatschappelijke zorg;Vervolgkliniek;HBO;Begeleider niveau 4;Begeleider Amsterdam;GGZ vacatures Amsterdam;MBO;Vacatures inGeest;Amsterdam,"Amsterdam, NL",93c4782938;8c6abc8b08;ae461f709a;9d58365930;a488a1acc7;750d0685da;a9eac2ea28;d528010fea;d173df3d31
3bd9db5fbe,Amsterdam,Psych. kliniek,https://werkenbij.ggzingeest.nl/vacatures/psychiater-kliniek-high-care-amstelveen/?utm_source=google&utm_medium=cpc&utm_campaign=job_feed,https://images.unsplash.com/photo-1714976694810-85add1a29c96?q=80&w=1200&h=628&auto=format&fit=crop,Psychiater,Bekijk deze vacature,€11292,Psychiater,Werken bij GGZ;Medisch specialist;Werken bij GGZ Amsterdam;Werken bij GGZ inGeest;care;Psychiater vacature;BIG;Werken in de GGZ;Vacatures Amsterdam;kliniek;GGZ inGeest Amsterdam vacatures;Psychiatrie;GGZ inGeest vacatures;high;GGZ Amsterdam;Psychiater;Amstelveen;GGZ vacatures;Vacatures GGZ inGeest;Arts;GGZ vacatures Amsterdam;Vacatures inGeest;Amsterdam;Zorg,"Amsterdam, NL",7af51282b9;2fa483448c;d18ceac5ce;05ae157cb4;f2fbd0ea11;cf53e38c02;803a14573e;3bd14dc89e;706aa4a8a6
d528010fea,Amsterdam,Begl. Medium,https://werkenbij.ggzingeest.nl/vacatures/begeleider-medium-care-amstelveen/?utm_source=google&utm_medium=cpc&utm_campaign=job_feed,https://images.unsplash.com/photo-1663780887563-bfe3b3550de1?q=80&w=1200&h=628&auto=format&fit=crop,Begeleider,Bekijk deze vacature,€3180-€4273,Begeleider,Werken bij GGZ;Werken bij GGZ Amsterdam;Medium;Werken bij GGZ inGeest;Activiteitenbegeleider;Begeleider;Werken in de GGZ;Persoonlijk begeleider;Vacatures Amsterdam;GGZ inGeest Amsterdam vacatures;Ambulante begeleiding;Welzijn;GGZ inGeest vacatures;Ambulant begeleider;Amstelveen;GGZ vacatures;Vacatures GGZ inGeest;Maatschappelijke zorg;Care;HBO;Begeleider niveau 4;Begeleider Amsterdam;GGZ vacatures Amsterdam;MBO;Vacatures inGeest,"Amsterdam, NL",93c4782938;8c6abc8b08;ae461f709a;9d58365930;a488a1acc7;750d0685da;a9eac2ea28;94d3a70b91;d173df3d31
217f74bf45,Amsterdam,Vpl. High Care Amsterdam,https://werkenbij.ggzingeest.nl/vacatures/verpleegkundige-high-care-amsterdam-1/?utm_source=google&utm_medium=cpc&utm_campaign=job_feed,https://images.unsplash.com/photo-1631217868264-e5b90bb7e133?q=80&w=1200&h=628&auto=format&fit=crop,Verpleegkundige,Bekijk deze vacature,€2888-€4273,Verpleegkundige,Werken bij GGZ;Werken bij GGZ Amsterdam;Werken bij GGZ inGeest;HBO verpleegkundige;BIG;Werken in de GGZ;Leerling verpleegkundige;Vacatures Amsterdam;GGZ inGeest Amsterdam vacatures;High;GGZ inGeest vacatures;Verpleging;Vacatures inGeest;GGZ vacatures;Vacatures GGZ inGeest;Verpleegkundige;Ziekenhuis;Care;GGZ vacatures Amsterdam;Ambulant verpleegkundige;GGZ verpleegkundige;Amsterdam;Zorg,"Amsterdam, NL",d1b185c01d;215545cf9a;925a7c396a;e806f18930;d256b4b5fa;bf408333f6;433175e3de;a467e94ddd;ff5f5a85ec;59473f96a8
1fb2a22902,Amsterdam,Mbo-verpleegkundige,https://werkenbij.ggzingeest.nl/vacatures/mboverpleegkundige-psychiatrie/?utm_source=google&utm_medium=cpc&utm_campaign=job_feed,https://images.unsplash.com/photo-1631217868264-e5b90bb7e133?q=80&w=1200&h=628&auto=format&fit=crop,Verpleegkundige,Bekijk deze vacature,€2888-€4273,Verpleegkundige,Werken bij GGZ;Werken bij GGZ Amsterdam;Werken bij GGZ inGeest;HBO verpleegkundige;klinieken;BIG;Werken in de GGZ;Leerling verpleegkundige;Vacatures Amsterdam;GGZ inGeest Amsterdam vacatures;GGZ inGeest vacatures;Mbo-verpleegkundige;Verpleging;Vacatures inGeest;GGZ vacatures;Vacatures GGZ inGeest;Ziekenhuis;GGZ vacatures Amsterdam;Ambulant verpleegkundige;GGZ verpleegkundige;Amsterdam;Zorg,"Amsterdam, NL",d1b185c01d;215545cf9a;925a7c396a;e806f18930;d256b4b5fa;bf408333f6;433175e3de;a467e94ddd;ff5f5a85ec;59473f96a8
8d517e43f7,Amsterdam,GZ-psycholoog,https://werkenbij.ggzingeest.nl/vacatures/gz-psycholoog-polikliniek-bipolaire-stoornissen-hoofdorp/?utm_source=google&utm_medium=cpc&utm_campaign=job_feed,https://images.unsplash.com/photo-1714976694810-85add1a29c96?q=80&w=1200&h=628&auto=format&fit=crop,Psycholoog,Bekijk deze vacature,€5988-€6918,Psycholoog,Werken bij GGZ;Werken bij GGZ Amsterdam;polikliniek;Behandelaar;Werken bij GGZ inGeest;Klinisch neuropsycholoog;Basispsycholoog;Werken in de GGZ;Vacatures Amsterdam;GGZ inGeest Amsterdam vacatures;Bipolaire;Psychologie;GGZ inGeest vacatures;Stoornissen;GGZ;Hoofdorp;GGZ vacatures;Vacatures GGZ inGeest;Klinisch psycholoog;GZ-psycholoog;GGZ vacatures Amsterdam;Vacatures inGeest;Amsterdam,"Amsterdam, NL",e4e9e84b09;8e40dc1444;3684930501;8102f48e74;7cd64f3577;1dab4970ef;37bb8f1621;8dddef43c8;0a145bd45c;56f92cccac
41c6954699,Amsterdam,Vpl. | Besloten wonen,https://werkenbij.ggzingeest.nl/vacatures/verpleegkundige-besloten-wonen-westerpoort/?utm_source=google&utm_medium=cpc&utm_campaign=job_feed,https://images.unsplash.com/photo-1631217868264-e5b90bb7e133?q=80&w=1200&h=628&auto=format&fit=crop,Verpleegkundige,Bekijk deze vacature,€3180-€4716,Verpleegkundige,Werken bij GGZ;Werken bij GGZ Amsterdam;wonen;Werken bij GGZ inGeest;HBO verpleegkundige;BIG;Werken in de GGZ;Leerling verpleegkundige;Vacatures Amsterdam;GGZ inGeest Amsterdam vacatures;GGZ inGeest vacatures;Besloten;Verpleging;Vacatures inGeest;GGZ vacatures;Vacatures GGZ inGeest;Verpleegkundige;Ziekenhuis;GGZ vacatures Amsterdam;Ambulant verpleegkundige;GGZ verpleegkundige;Amsterdam;Westerpoort;Zorg,"Amsterdam, NL",d1b185c01d;215545cf9a;925a7c396a;e806f18930;d256b4b5fa;bf408333f6;433175e3de;a467e94ddd;ff5f5a85ec;59473f96a8
f2fbd0ea11,Amsterdam,Psych. Polikliniek,https://werkenbij.ggzingeest.nl/vacatures/psychiater-polikliniek-jongvolwassenen-haarlem/?utm_source=google&utm_medium=cpc&utm_campaign=job_feed,https://images.unsplash.com/photo-1714976694810-85add1a29c96?q=80&w=1200&h=628&auto=format&fit=crop,Psychiater,Bekijk deze vacature,€11292,Psychiater,Werken bij GGZ;Medisch specialist;Werken bij GGZ Amsterdam;Polikliniek;Werken bij GGZ inGeest;Psychiater vacature;BIG;Werken in de GGZ;Vacatures Amsterdam;GGZ inGeest Amsterdam vacatures;Jongvolwassenen;Psychiatrie;GGZ inGeest vacatures;GGZ Amsterdam;Psychiater;GGZ vacatures;Vacatures GGZ inGeest;Arts;GGZ vacatures Amsterdam;Haarlem;Vacatures inGeest;Amsterdam;Zorg,"Amsterdam, NL",7af51282b9;2fa483448c;d18ceac5ce;05ae157cb4;3bd9db5fbe;cf53e38c02;803a14573e;3bd14dc89e;706aa4a8a6
40256804a4,Amsterdam,Zorgbeveiliger,https://werkenbij.ggzingeest.nl/vacatures/zorgbeveiliger-nacht-high-intensive-care-amsterdam/?utm_source=google&utm_medium=cpc&utm_campaign=job_feed,https://plus.unsplash.com/premium_photo-1731540602286-05ebb2078c83?q=80&w=1200&h=628&auto=format&fit=crop,Zorg,Bekijk deze vacature,€2735-€3917,Zorg,Werken bij GGZ;Werken bij GGZ Amsterdam;Jeugdpsychiatrie;Werken bij GGZ inGeest;Werken in de GGZ;(Nacht);Gezondheidszorg;Vacatures Amsterdam;GGZ inGeest Amsterdam vacatures;High;Welzijn;GGZ inGeest vacatures;Jeugd GGZ;Hulpverlening;GGZ vacatures;Vacatures GGZ inGeest;Care;Intensive;GGZ vacatures Amsterdam;Zorgbeveiliger;Vacatures inGeest;Amsterdam,"Amsterdam, NL",c26fb34467;49532e2f08;f3f420cac2;6e4fab058e;f8316a04dc;b413af696b;c951ed80b6;3d81843324;e70af7affc;c9d3d700fc
161162f937,Amsterdam,Casemanager FACT,https://werkenbij.ggzingeest.nl/vacatures/casemanager-fact-hoofddorp-tijdelijk/?utm_source=google&utm_medium=cpc&utm_campaign=job_feed,https://images.unsplash.com/photo-1758611971095-87f590f8c4ed?q=80&w=1200&h=628&auto=format&fit=crop,Casemanager,Bekijk deze vacature,€4000-€5294,Casemanager,Werken bij GGZ;Werken bij GGZ Amsterdam;FACT;Werken bij GGZ inGeest;Werken in de GGZ;Vacatures Amsterdam;GGZ inGeest Amsterdam vacatures;Casemanager GGZ;GGZ inGeest vacatures;Hoofddorp;Casemanager;Vacatures inGeest;GGZ vacatures;Zorgcoördinatie;Vacatures GGZ inGeest;(Tijdelijk);GGZ vacatures Amsterdam;Ambulante zorg;Casemanager Amsterdam;Regiebehandelaar;Amsterdam,"Amsterdam, NL",10348e7523;1c060d4eb9;3e1bf8d4bd;7b809c5ef6
7b809c5ef6,Amsterdam,Casemanager FACT,https://werkenbij.ggzingeest.nl/vacatures/casemanager-fact-ouderen-amstelveen-tijdelijk/?utm_source=google&utm_medium=cpc&utm_campaign=job_feed,https://images.unsplash.com/photo-1758611971095-87f590f8c4ed?q=80&w=1200&h=628&auto=format&fit=crop,Casemanager,Bekijk deze vacature,€4000-€5294,Casemanager,Werken bij GGZ;Werken bij GGZ Amsterdam;FACT;Werken bij GGZ inGeest;Werken in de GGZ;Vacatures Amsterdam;GGZ inGeest Amsterdam vacatures;Casemanager GGZ;Ouderen;GGZ inGeest vacatures;Amstelveen;Casemanager;Vacatures inGeest;GGZ vacatures;Zorgcoördinatie;Vacatures GGZ inGeest;(Tijdelijk);GGZ vacatures Amsterdam;Ambulante zorg;Casemanager Amsterdam;Regiebehandelaar;Amsterdam,"Amsterdam, NL",10348e7523;1c060d4eb9;3e1bf8d4bd;161162f937
79b9c255c3,Amsterdam,Vpl. Vervolgkliniek,https://werkenbij.ggzingeest.nl/vacatures/verpleegkundige-vervolgkliniek-gesloten-1/?utm_source=google&utm_medium=cpc&utm_campaign=job_feed,https://images.unsplash.com/photo-1631217868264-e5b90bb7e133?q=80&w=1200&h=628&auto=format&fit=crop,Verpleegkundige,Bekijk deze vacature,€3456-€4579,Verpleegkundige,Werken bij GGZ;Werken bij GGZ Amsterdam;Werken bij GGZ inGeest;HBO verpleegkundige;BIG;Werken in de GGZ;Leerling verpleegkundige;Vacatures Amsterdam;GGZ inGeest Amsterdam vacatures;Gesloten;GGZ inGeest vacatures;Verpleging;Vacatures inGeest;GGZ vacatures;Vacatures GGZ inGeest;Verpleegkundige;Ziekenhuis;Vervolgkliniek;GGZ vacatures Amsterdam;Ambulant verpleegkundige;GGZ verpleegkundige;Amsterdam;Zorg,"Amsterdam, NL",d1b185c01d;215545cf9a;925a7c396a;e806f18930;d256b4b5fa;bf408333f6;433175e3de;a467e94ddd;ff5f5a85ec;59473f96a8
53cffcb148,Amsterdam,Medw. Bureau Verplichte,https://werkenbij.ggzingeest.nl/vacatures/medewerker-bureau-verplichte-zorg-amstelveen/?utm_source=google&utm_medium=cpc&utm_campaign=job_feed,https://plus.unsplash.com/premium_photo-1731540602286-05ebb2078c83?q=80&w=1200&h=628&auto=format&fit=crop,Zorg,Bekijk deze vacature,€2888-€3917,Zorg,Werken bij GGZ;Werken bij GGZ Amsterdam;Jeugdpsychiatrie;Verplichte;Werken bij GGZ inGeest;Werken in de GGZ;Gezondheidszorg;Vacatures Amsterdam;GGZ inGeest Amsterdam vacatures;Welzijn;GGZ inGeest vacatures;Medewerker;Jeugd GGZ;Amstelveen;Hulpverlening;GGZ vacatures;Vacatures GGZ inGeest;Bureau;GGZ vacatures Amsterdam;Vacatures inGeest;Amsterdam;Zorg,"Amsterdam, NL",c26fb34467;49532e2f08;f3f420cac2;6e4fab058e;f8316a04dc;b413af696b;c951ed80b6;3d81843324;e70af7affc;c9d3d700fc
56f92cccac,Amsterdam,Gz-psycholoog FACT,https://werkenbij.ggzingeest.nl/vacatures/gz-psycholoog-fact-ouderen-amstelveen-1/?utm_source=google&utm_medium=cpc&utm_campaign=job_feed,https://images.unsplash.com/photo-1714976694810-85add1a29c96?q=80&w=1200&h=628&auto=format&fit=crop,Psycholoog,Bekijk deze vacature,€5813-€6716,Psycholoog,Werken bij GGZ;Werken bij GGZ Amsterdam;FACT;Behandelaar;Werken bij GGZ inGeest;Klinisch neuropsycholoog;Basispsycholoog;Werken in de GGZ;Vacatures Amsterdam;GGZ inGeest Amsterdam vacatures;Ouderen;Psychologie;GGZ inGeest vacatures;GGZ;Amstelveen;GGZ vacatures;Vacatures GGZ inGeest;Gz-psycholoog;Klinisch psycholoog;GZ-psycholoog;GGZ vacatures Amsterdam;Vacatures inGeest;Amsterdam,"Amsterdam, NL",e4e9e84b09;8e40dc1444;3684930501;8102f48e74;7cd64f3577;1dab4970ef;37bb8f1621;8dddef43c8;0a145bd45c;8d517e43f7
96a4851086,Amsterdam,(Nacht-) verpleegkundige,https://werkenbij.ggzingeest.nl/vacatures/nacht-verpleegkundige-begeleider-high-intensive-care-haarlem/?utm_source=google&utm_medium=cpc&utm_campaign=job_feed,https://images.unsplash.com/photo-1631217868264-e5b90bb7e133?q=80&w=1200&h=628&auto=format&fit=crop,Verpleegkundige,Bekijk deze vacature,€2888-€4716,Verpleegkundige,Werken bij GGZ;Werken bij GGZ Amsterdam;Werken bij GGZ inGeest;HBO verpleegkundige;BIG;Werken in de GGZ;Leerling verpleegkundige;begeleider;Vacatures Amsterdam;GGZ inGeest Amsterdam vacatures;High;(Nacht-);GGZ inGeest vacatures;verpleegkundige;Verpleging;Vacatures inGeest;GGZ vacatures;Vacatures GGZ inGeest;Ziekenhuis;Care;Intensive;GGZ vacatures Amsterdam;Haarlem;Ambulant verpleegkundige;GGZ verpleegkundige,"Amsterdam, NL",d1b185c01d;215545cf9a;925a7c396a;e806f18930;d256b4b5fa;bf408333f6;433175e3de;a467e94ddd;ff5f5a85ec;59473f96a8
cf53e38c02,Amsterdam,Arts in opleiding,https://werkenbij.ggzingeest.nl/vacatures/arts-in-opleiding-tot-psychiater-aios/?utm_source=google&utm_medium=cpc&utm_campaign=job_feed,https://images.unsplash.com/photo-1714976694810-85add1a29c96?q=80&w=1200&h=628&auto=format&fit=crop,Psychiater,Bekijk deze vacature,,Psychiater,Werken bij GGZ;Medisch specialist;Werken bij GGZ Amsterdam;Werken bij GGZ inGeest;Psychiater vacature;BIG;Werken in de GGZ;Vacatures Amsterdam;GGZ inGeest Amsterdam vacatures;Psychiatrie;GGZ inGeest vacatures;GGZ Amsterdam;opleiding;Psychiater;(AioS);GGZ vacatures;Vacatures GGZ inGeest;Arts;GGZ vacatures Amsterdam;Vacatures inGeest;Amsterdam;Zorg,"Amsterdam, NL",7af51282b9;2fa483448c;d18ceac5ce;05ae157cb4;3bd9db5fbe;f2fbd0ea11;803a14573e;3bd14dc89e;706aa4a8a6
965e7a89b7,Amsterdam,Specialist,https://werkenbij.ggzingeest.nl/vacatures/specialist-ouderengeneeskunde-fact-ouderen-amstelveen-1/?utm_source=google&utm_medium=cpc&utm_campaign=job_feed,https://images.unsplash.com/photo-1714976694810-85add1a29c96?q=80&w=1200&h=628&auto=format&fit=crop,Specialist,Bekijk deze vacature,€7002-€9725,Specialist,Werken bij GGZ;Zorgprofessional;Werken bij GGZ Amsterdam;FACT;Behandelaar;Werken bij GGZ inGeest;Werken in de GGZ;Vacatures Amsterdam;GGZ inGeest Amsterdam vacatures;Ouderen;GGZ inGeest vacatures;Expertise;ouderengeneeskunde;Amstelveen;GGZ vacatures;Vacatures GGZ inGeest;GGZ vacatures Amsterdam;Specialist;Vacatures inGeest;Amsterdam;Specialisme,"Amsterdam, NL",a02de2e7e9;39b3e7e848;6efd48beee;529a0233d2;772bd2c0bc;66efc58783;f10ed7f088;f28ddeb7e4;796ae11221;54ed07e1a9
803a14573e,Amsterdam,Psych. FACT – Flexibel,https://werkenbij.ggzingeest.nl/vacatures/psychiater-fact-flexibel-urencontract/?utm_source=google&utm_medium=cpc&utm_campaign=job_feed,https://images.unsplash.com/photo-1714976694810-85add1a29c96?q=80&w=1200&h=628&auto=format&fit=crop,Psychiater,Bekijk deze vacature,€11292,Psychiater,Werken bij GGZ;Medisch specialist;Werken bij GGZ Amsterdam;FACT;Werken bij GGZ inGeest;Psychiater vacature;BIG;Werken in de GGZ;Vacatures Amsterdam;GGZ inGeest Amsterdam vacatures;Psychiatrie;GGZ inGeest vacatures;GGZ Amsterdam;Psychiater;Urencontract;GGZ vacatures;Vacatures GGZ inGeest;Arts;GGZ vacatures Amsterdam;Flexibel;Vacatures inGeest;Amsterdam;Zorg,"Amsterdam, NL",7af51282b9;2fa483448c;d18ceac5ce;05ae157cb4;3bd9db5fbe;f2fbd0ea11;cf53e38c02;3bd14dc89e;706aa4a8a6
3bd14dc89e,Amsterdam,Psych. polikliniek,https://werkenbij.ggzingeest.nl/vacatures/psychiater-polikliniek-ouderen-amsterdam/?utm_source=google&utm_medium=cpc&utm_campaign=job_feed,https://images.unsplash.com/photo-1714976694810-85add1a29c96?q=80&w=1200&h=628&auto=format&fit=crop,Psychiater,Bekijk deze vacature,€11292,Psychiater,Werken bij GGZ;Medisch specialist;Werken bij GGZ Amsterdam;polikliniek;Werken bij GGZ inGeest;Psychiater vacature;BIG;Werken in de GGZ;Vacatures Amsterdam;GGZ inGeest Amsterdam vacatures;Psychiatrie;GGZ inGeest vacatures;GGZ Amsterdam;Psychiater;ouderen;GGZ vacatures;Vacatures GGZ inGeest;Arts;GGZ vacatures Amsterdam;Vacatures inGeest;Amsterdam;Zorg,"Amsterdam, NL",7af51282b9;2fa483448c;d18ceac5ce;05ae157cb4;3bd9db5fbe;f2fbd0ea11;cf53e38c02;803a14573e;706aa4a8a6
93eb713f69,Amsterdam,Verpleegkundig,https://werkenbij.ggzingeest.nl/vacatures/verpleegkundig-specialist-fact-amsterdam-osdorp/?utm_source=google&utm_medium=cpc&utm_campaign=job_feed,https://images.unsplash.com/photo-1714976694810-85add1a29c96?q=80&w=1200&h=628&auto=format&fit=crop,Specialist,Bekijk deze vacature,€5645-€6918,Specialist,Werken bij GGZ;Zorgprofessional;Werken bij GGZ Amsterdam;FACT;Behandelaar;Werken bij GGZ inGeest;Osdorp;Werken in de GGZ;Vacatures Amsterdam;GGZ inGeest Amsterdam vacatures;Verpleegkundig;GGZ inGeest vacatures;Expertise;GGZ vacatures;Vacatures GGZ inGeest;specialist;GGZ vacatures Amsterdam;Vacatures inGeest;Amsterdam;Specialisme,"Amsterdam, NL",a02de2e7e9;39b3e7e848;6efd48beee;529a0233d2;772bd2c0bc;66efc58783;f10ed7f088;f28ddeb7e4;796ae11221;54ed07e1a9
6c2d44237b,Amsterdam,Verpleegkundige,https://werkenbij.ggzingeest.nl/vacatures/verpleegkundige-begeleider-high-care-haarlem/?utm_source=google&utm_medium=cpc&utm_campaign=job_feed,https://images.unsplash.com/photo-1631217868264-e5b90bb7e133?q=80&w=1200&h=628&auto=format&fit=crop,Verpleegkundige,Bekijk deze vacature,€2888-€4716,Verpleegkundige,Werken bij GGZ;Werken bij GGZ Amsterdam;Werken bij GGZ inGeest;HBO verpleegkundige;Begeleider;BIG;Werken in de GGZ;Leerling verpleegkundige;Vacatures Amsterdam;GGZ inGeest Amsterdam vacatures;High;GGZ inGeest vacatures;Verpleging;Vacatures inGeest;GGZ vacatures;Vacatures GGZ inGeest;Verpleegkundige;Ziekenhuis;Care;GGZ vacatures Amsterdam;Haarlem;Ambulant verpleegkundige;GGZ verpleegkundige;Amsterdam;Zorg,"Amsterdam, NL",d1b185c01d;215545cf9a;925a7c396a;e806f18930;d256b4b5fa;bf408333f6;433175e3de;a467e94ddd;ff5f5a85ec;59473f96a8
c3a95692b3,Amsterdam,Klinisch psycholoog,https://werkenbij.ggzingeest.nl/vacatures/klinisch-psycholoog-polikliniek-jongvolwassenen-amsterdam/?utm_source=google&utm_medium=cpc&utm_campaign=job_feed,https://images.unsplash.com/photo-1714976694810-85add1a29c96?q=80&w=1200&h=628&auto=format&fit=crop,Psycholoog,Bekijk deze vacature,€7850-€9725,Psycholoog,psycholoog;Werken bij GGZ;Werken bij GGZ Amsterdam;polikliniek;Behandelaar;Werken bij GGZ inGeest;Klinisch neuropsycholoog;Basispsycholoog;Werken in de GGZ;Vacatures Amsterdam;GGZ inGeest Amsterdam vacatures;Psychologie;GGZ inGeest vacatures;jongvolwassenen;GGZ;GGZ vacatures;Vacatures GGZ inGeest;Klinisch;Klinisch psycholoog;GZ-psycholoog;GGZ vacatures Amsterdam;Vacatures inGeest;Amsterdam,"Amsterdam, NL",e4e9e84b09;8e40dc1444;3684930501;8102f48e74;7cd64f3577;1dab4970ef;37bb8f1621;8dddef43c8;0a145bd45c;8d517e43f7
1d7e8c1209,Amsterdam,Ervaringsdeskundige,https://werkenbij.ggzingeest.nl/vacatures/ervaringsdeskundige-amstelmere/?utm_source=google&utm_medium=cpc&utm_campaign=job_feed,https://images.unsplash.com/photo-1582213782179-e0d53f98f2ca?auto=format&fit=crop&crop=faces&w=1200&h=628&q=80,Ervaringsdeskundige,Bekijk deze vacature,€3560-€4716,Ervaringsdeskundige,Vacatures Amsterdam;Werken bij GGZ;Werken bij GGZ Amsterdam;GGZ inGeest Amsterdam vacatures;Herstel;Ondersteuning;Amstelmere;Ervaringsdeskundige;Werken bij GGZ inGeest;GGZ vacatures;GGZ vacatures Amsterdam;Vacatures GGZ inGeest;GGZ ervaringsdeskundige;GGZ inGeest vacatures;Ervaringsdeskundigheid;Werken in de GGZ;Vacatures inGeest;Amsterdam,"Amsterdam, NL",270ae9a3eb;6bead71c7a
6bc55872ef,Amsterdam,Maatschappelijk werker,https://werkenbij.ggzingeest.nl/vacatures/maatschappelijk-werker-fact-ouderen-amstelveen/?utm_source=google&utm_medium=cpc&utm_campaign=job_feed,https://plus.unsplash.com/premium_photo-1731540602286-05ebb2078c83?q=80&w=1200&h=628&auto=format&fit=crop,Zorg,Bekijk deze vacature,€4000-€5294,Zorg,Werken bij GGZ;Werken bij GGZ Amsterdam;Jeugdpsychiatrie;FACT;Werken bij GGZ inGeest;Werken in de GGZ;Gezondheidszorg;Vacatures Amsterdam;GGZ inGeest Amsterdam vacatures;Ouderen;Welzijn;GGZ inGeest vacatures;Jeugd GGZ;Amstelveen;Maatschappelijk;Hulpverlening;GGZ vacatures;Vacatures GGZ inGeest;GGZ vacatures Amsterdam;Vacatures inGeest;Amsterdam;werker,"Amsterdam, NL",c26fb34467;49532e2f08;f3f420cac2;6e4fab058e;f8316a04dc;b413af696b;c951ed80b6;3d81843324;e70af7affc;c9d3d700fc
7c12b3baba,Amsterdam,Nacht verpleegkundige,https://werkenbij.ggzingeest.nl/vacatures/nacht-verpleegkundige-triagist-spoedeisende-psychiatrie-kennemerland/?utm_source=google&utm_medium=cpc&utm_campaign=job_feed,https://images.unsplash.com/photo-1631217868264-e5b90bb7e133?q=80&w=1200&h=628&auto=format&fit=crop,Verpleegkundige,Bekijk deze vacature,€4000-€5294,Verpleegkundige,Werken bij GGZ;Werken bij GGZ Amsterdam;Nacht;Werken bij GGZ inGeest;HBO verpleegkundige;BIG;Werken in de GGZ;Leerling verpleegkundige;Vacatures Amsterdam;GGZ inGeest Amsterdam vacatures;Kennemerland;Psychiatrie;GGZ inGeest vacatures;verpleegkundige;Triagist;Verpleging;Vacatures inGeest;GGZ vacatures;Vacatures GGZ inGeest;Ziekenhuis;GGZ vacatures Amsterdam;Ambulant verpleegkundige;Spoedeisende;GGZ verpleegkundige;Amsterdam,"Amsterdam, NL",d1b185c01d;215545cf9a;925a7c396a;e806f18930;d256b4b5fa;bf408333f6;433175e3de;a467e94ddd;ff5f5a85ec;59473f96a8
99e16cb6c8,Amsterdam,GZ-psycholoog,https://werkenbij.ggzingeest.nl/vacatures/gz-psycholoog-polis-en-fact-amstelveen/?utm_source=google&utm_medium=cpc&utm_campaign=job_feed,https://images.unsplash.com/photo-1714976694810-85add1a29c96?q=80&w=1200&h=628&auto=format&fit=crop,Psycholoog,Bekijk deze vacature,€5988-€6918,Psycholoog,Werken bij GGZ;Werken bij GGZ Amsterdam;FACT;Behandelaar;Werken bij GGZ inGeest;Klinisch neuropsycholoog;Basispsycholoog;Werken in de GGZ;Vacatures Amsterdam;GGZ inGeest Amsterdam vacatures;Psychologie;GGZ inGeest vacatures;GGZ;Amstelveen;GGZ vacatures;Vacatures GGZ inGeest;Klinisch psycholoog;GZ-psycholoog;poli’s;GGZ vacatures Amsterdam;Vacatures inGeest;Amsterdam,"Amsterdam, NL",e4e9e84b09;8e40dc1444;3684930501;8102f48e74;7cd64f3577;1dab4970ef;37bb8f1621;8dddef43c8;0a145bd45c;8d517e43f7
db0245e01c,Amsterdam,Basisarts SEH,https://werkenbij.ggzingeest.nl/vacatures/basisarts-spoedeisende-psychiatrie-amsterdam-amstelland/?utm_source=google&utm_medium=cpc&utm_campaign=job_feed,https://images.unsplash.com/photo-1631217871099-88310a909a32?q=80&w=1200&h=628&auto=format&fit=crop,Arts,Bekijk deze vacature,€5294-€6918,Arts,Werken bij GGZ;Werken bij GGZ Amsterdam;Werken bij GGZ inGeest;Werken in de GGZ;Amsterdam-Amstelland;Vacatures Amsterdam;GGZ inGeest Amsterdam vacatures;Psychiatrie;GGZ inGeest vacatures;Geneeskunde;GGZ vacatures;Vacatures GGZ inGeest;ANIOS psychiatrie;GGZ vacatures Amsterdam;Opleidingsplaats;Specialist;Spoedeisende;Basisarts;Vacatures inGeest;Amsterdam;Medisch;Zorg,"Amsterdam, NL",acbc5d8d44;2297acb2f8;476a48333d;02cb14a94d;d4299f1420;48d195df1d;334b3b0237;5993182648;a1332e5c8b
a1309d6b68,Amsterdam,Senior,https://werkenbij.ggzingeest.nl/vacatures/senior-medewerker-financiele-administratie-1/?utm_source=google&utm_medium=cpc&utm_campaign=job_feed,https://plus.unsplash.com/premium_photo-1731540602286-05ebb2078c83?q=80&w=1200&h=628&auto=format&fit=crop,Zorg,Bekijk deze vacature,€3180-€4273,Zorg,Werken bij GGZ;Werken bij GGZ Amsterdam;Jeugdpsychiatrie;Werken bij GGZ inGeest;Administratie;Werken in de GGZ;Gezondheidszorg;Vacatures Amsterdam;GGZ inGeest Amsterdam vacatures;Welzijn;medewerker;GGZ inGeest vacatures;Jeugd GGZ;Hulpverlening;GGZ vacatures;Vacatures GGZ inGeest;Senior;GGZ vacatures Amsterdam;Vacatures inGeest;Amsterdam;Financiële,"Amsterdam, NL",c26fb34467;49532e2f08;f3f420cac2;6e4fab058e;f8316a04dc;b413af696b;c951ed80b6;3d81843324;e70af7affc;c9d3d700fc
706aa4a8a6,Amsterdam,Psychiater,https://werkenbij.ggzingeest.nl/vacatures/psychiater-flexibel-urencontract/?utm_source=google&utm_medium=cpc&utm_campaign=job_feed,https://images.unsplash.com/photo-1714976694810-85add1a29c96?q=80&w=1200&h=628&auto=format&fit=crop,Psychiater,Bekijk deze vacature,€11292,Psychiater,Werken bij GGZ;Medisch specialist;Werken bij GGZ Amsterdam;Werken bij GGZ inGeest;Psychiater vacature;BIG;Werken in de GGZ;Vacatures Amsterdam;-Flexibel;GGZ inGeest Amsterdam vacatures;Psychiatrie;GGZ inGeest vacatures;GGZ Amsterdam;Psychiater;Urencontract;GGZ vacatures;Vacatures GGZ inGeest;Arts;GGZ vacatures Amsterdam;Vacatures inGeest;Amsterdam;Zorg,"Amsterdam, NL",7af51282b9;2fa483448c;d18ceac5ce;05ae157cb4;3bd9db5fbe;f2fbd0ea11;cf53e38c02;803a14573e;3bd14dc89e
88f820a6d9,Amsterdam,Amb. Vpl. Crisisdienst,https://werkenbij.ggzingeest.nl/vacatures/ambulant-verpleegkundige-crisisdienst-spaa-amsterdam/?utm_source=google&utm_medium=cpc&utm_campaign=job_feed,https://images.unsplash.com/photo-1631217868264-e5b90bb7e133?q=80&w=1200&h=628&auto=format&fit=crop,Verpleegkundige,Bekijk deze vacature,€4000-€5294,Verpleegkundige,Werken bij GGZ;Werken bij GGZ Amsterdam;Werken bij GGZ inGeest;HBO verpleegkundige;BIG;Werken in de GGZ;Leerling verpleegkundige;Vacatures Amsterdam;GGZ inGeest Amsterdam vacatures;GGZ inGeest vacatures;SPAA;Verpleging;Vacatures inGeest;GGZ vacatures;Ambulant;Vacatures GGZ inGeest;Verpleegkundige;Ziekenhuis;Crisisdienst;GGZ vacatures Amsterdam;Ambulant verpleegkundige;GGZ verpleegkundige;Amsterdam;Zorg,"Amsterdam, NL",d1b185c01d;215545cf9a;925a7c396a;e806f18930;d256b4b5fa;bf408333f6;433175e3de;a467e94ddd;ff5f5a85ec;59473f96a8
c028973104,Amsterdam,(Nacht) verpleegkundige,https://werkenbij.ggzingeest.nl/vacatures/nacht-verpleegkundige-of-begeleider-kliniek-ouderen-haarlem/?utm_source=google&utm_medium=cpc&utm_campaign=job_feed,https://images.unsplash.com/photo-1631217868264-e5b90bb7e133?q=80&w=1200&h=628&auto=format&fit=crop,Verpleegkundige,Bekijk deze vacature,€2888-€4716,Verpleegkundige,Werken bij GGZ;Werken bij GGZ Amsterdam;Werken bij GGZ inGeest;HBO verpleegkundige;BIG;Werken in de GGZ;Leerling verpleegkundige;(Nacht);begeleider;Vacatures Amsterdam;kliniek;GGZ inGeest Amsterdam vacatures;GGZ inGeest vacatures;verpleegkundige;ouderen;Verpleging;Vacatures inGeest;GGZ vacatures;Vacatures GGZ inGeest;Ziekenhuis;GGZ vacatures Amsterdam;Haarlem;Ambulant verpleegkundige;GGZ verpleegkundige;Amsterdam,"Amsterdam, NL",d1b185c01d;215545cf9a;925a7c396a;e806f18930;d256b4b5fa;bf408333f6;433175e3de;a467e94ddd;ff5f5a85ec;59473f96a8
d173df3d31,Amsterdam,Begl. kliniek,https://werkenbij.ggzingeest.nl/vacatures/begeleider-kliniek-high-care-amstelveen/?utm_source=google&utm_medium=cpc&utm_campaign=job_feed,https://images.unsplash.com/photo-1663780887563-bfe3b3550de1?q=80&w=1200&h=628&auto=format&fit=crop,Begeleider,Bekijk deze vacature,€2888-€4273,Begeleider,Werken bij GGZ;Werken bij GGZ Amsterdam;Werken bij GGZ inGeest;Activiteitenbegeleider;care;Begeleider;Werken in de GGZ;Persoonlijk begeleider;Vacatures Amsterdam;kliniek;GGZ inGeest Amsterdam vacatures;Ambulante begeleiding;Welzijn;GGZ inGeest vacatures;high;Ambulant begeleider;Amstelveen;GGZ vacatures;Vacatures GGZ inGeest;Maatschappelijke zorg;HBO;Begeleider niveau 4;Begeleider Amsterdam;GGZ vacatures Amsterdam;MBO,"Amsterdam, NL",93c4782938;8c6abc8b08;ae461f709a;9d58365930;a488a1acc7;750d0685da;a9eac2ea28;94d3a70b91;d528010fea
6f4c7cea51,Amsterdam,Vpl. Vervolgkliniek Open,https://werkenbij.ggzingeest.nl/vacatures/verpleegkundige-vervolgkliniek-open/?utm_source=google&utm_medium=cpc&utm_campaign=job_feed,https://images.unsplash.com/photo-1631217868264-e5b90bb7e133?q=80&w=1200&h=628&auto=format&fit=crop,Verpleegkundige,Bekijk deze vacature,€3560-€4716,Verpleegkundige,Werken bij GGZ;Werken bij GGZ Amsterdam;Open;Werken bij GGZ inGeest;HBO verpleegkundige;BIG;Werken in de GGZ;Leerling verpleegkundige;Vacatures Amsterdam;GGZ inGeest Amsterdam vacatures;GGZ inGeest vacatures;Verpleging;Vacatures inGeest;GGZ vacatures;Vacatures GGZ inGeest;Verpleegkundige;Ziekenhuis;Vervolgkliniek;GGZ vacatures Amsterdam;Ambulant verpleegkundige;GGZ verpleegkundige;Amsterdam;Zorg,"Amsterdam, NL",d1b185c01d;215545cf9a;925a7c396a;e806f18930;d256b4b5fa;bf408333f6;433175e3de;a467e94ddd;ff5f5a85ec;59473f96a8
